ISO-10303-21;
HEADER;
/* Generated by software containing ST-Developer
 * from STEP Tools, Inc. (www.steptools.com) 
 */

FILE_DESCRIPTION(
/* description */ (''),
/* implementation_level */ '2;1');

FILE_NAME(
/* name */ 'Linear_rail.step',
/* time_stamp */ '2026-09-25T21:00:08+02:00',
/* author */ (''),
/* organization */ (''),
/* preprocessor_version */ 'ST-DEVELOPER v20.2',
/* originating_system */ 'Autodesk Translation Framework v15.15.0.0',
/* authorisation */ '');

FILE_SCHEMA (('AUTOMOTIVE_DESIGN { 1 0 10303 214 3 1 1 }'));
ENDSEC;

DATA;
#10=MECHANICAL_DESIGN_GEOMETRIC_PRESENTATION_REPRESENTATION('',(#13),#1911);
#11=SHAPE_REPRESENTATION_RELATIONSHIP('SRR','None',#1918,#12);
#12=ADVANCED_BREP_SHAPE_REPRESENTATION('',(#14),#1910);
#13=STYLED_ITEM('',(#1928),#14);
#14=MANIFOLD_SOLID_BREP('Body3',#961);
#15=TOROIDAL_SURFACE('',#1027,3.4,0.4);
#16=TOROIDAL_SURFACE('',#1040,3.4,0.4);
#17=TOROIDAL_SURFACE('',#1049,3.4,0.4);
#18=TOROIDAL_SURFACE('',#1058,3.4,0.4);
#19=TOROIDAL_SURFACE('',#1067,3.4,0.4);
#20=TOROIDAL_SURFACE('',#1076,3.4,0.4);
#21=TOROIDAL_SURFACE('',#1085,3.4,0.4);
#22=TOROIDAL_SURFACE('',#1094,3.4,0.4);
#23=FACE_BOUND('',#156,.T.);
#24=FACE_BOUND('',#157,.T.);
#25=FACE_BOUND('',#158,.T.);
#26=FACE_BOUND('',#159,.T.);
#27=FACE_BOUND('',#160,.T.);
#28=FACE_BOUND('',#161,.T.);
#29=FACE_BOUND('',#162,.T.);
#30=FACE_BOUND('',#163,.T.);
#31=FACE_BOUND('',#165,.T.);
#32=FACE_BOUND('',#166,.T.);
#33=FACE_BOUND('',#167,.T.);
#34=FACE_BOUND('',#168,.T.);
#35=FACE_BOUND('',#169,.T.);
#36=FACE_BOUND('',#170,.T.);
#37=FACE_BOUND('',#171,.T.);
#38=FACE_BOUND('',#172,.T.);
#39=FACE_BOUND('',#179,.T.);
#40=FACE_BOUND('',#188,.T.);
#41=FACE_BOUND('',#193,.T.);
#42=FACE_BOUND('',#198,.T.);
#43=FACE_BOUND('',#203,.T.);
#44=FACE_BOUND('',#208,.T.);
#45=FACE_BOUND('',#213,.T.);
#46=FACE_BOUND('',#218,.T.);
#47=CONICAL_SURFACE('',#987,1.80000000000001,0.785398163397446);
#48=CONICAL_SURFACE('',#990,1.80000000000001,0.785398163397446);
#49=CONICAL_SURFACE('',#994,1.8,0.785398163397454);
#50=CONICAL_SURFACE('',#998,1.8,0.785398163397454);
#51=PLANE('',#984);
#52=PLANE('',#986);
#53=PLANE('',#989);
#54=PLANE('',#993);
#55=PLANE('',#997);
#56=PLANE('',#1003);
#57=PLANE('',#1004);
#58=PLANE('',#1005);
#59=PLANE('',#1014);
#60=PLANE('',#1025);
#61=PLANE('',#1035);
#62=PLANE('',#1036);
#63=PLANE('',#1038);
#64=PLANE('',#1048);
#65=PLANE('',#1057);
#66=PLANE('',#1066);
#67=PLANE('',#1075);
#68=PLANE('',#1084);
#69=PLANE('',#1093);
#70=PLANE('',#1102);
#71=B_SPLINE_CURVE_WITH_KNOTS('',3,(#1491,#1492,#1493,#1494,#1495,#1496,
#1497,#1498,#1499,#1500,#1501,#1502,#1503),.UNSPECIFIED.,.F.,.F.,(4,1,1,
1,1,1,1,1,1,1,4),(-0.669385226521838,-0.573758765590147,-0.478132304658456,
-0.454225689425533,-0.43031907419261,-0.382505843726764,-0.286879382795073,
-0.191252921863382,-0.0956264609316911,-0.0717198456987683,0.),
 .UNSPECIFIED.);
#72=B_SPLINE_CURVE_WITH_KNOTS('',3,(#1506,#1507,#1508,#1509,#1510,#1511,
#1512,#1513,#1514,#1515,#1516,#1517,#1518),.UNSPECIFIED.,.F.,.F.,(4,1,1,
1,1,1,1,1,1,1,4),(0.,0.0717198456987683,0.0956264609316911,0.191252921863382,
0.286879382795073,0.382505843726764,0.43031907419261,0.454225689425533,
0.478132304658456,0.573758765590147,0.669385226521838),.UNSPECIFIED.);
#73=B_SPLINE_CURVE_WITH_KNOTS('',3,(#1590,#1591,#1592,#1593,#1594,#1595,
#1596,#1597,#1598,#1599,#1600,#1601,#1602),.UNSPECIFIED.,.F.,.F.,(4,1,1,
1,1,1,1,1,1,1,4),(-0.669385226521843,-0.573758765590151,-0.478132304658459,
-0.454225689425536,-0.430319074192613,-0.382505843726768,-0.286879382795076,
-0.191252921863384,-0.0956264609316922,-0.0717198456987692,-3.57179004463359E-16),
 .UNSPECIFIED.);
#74=B_SPLINE_CURVE_WITH_KNOTS('',3,(#1603,#1604,#1605,#1606,#1607,#1608,
#1609,#1610,#1611,#1612,#1613,#1614,#1615),.UNSPECIFIED.,.F.,.F.,(4,1,1,
1,1,1,1,1,1,1,4),(3.57179004463359E-16,0.0717198456987692,0.0956264609316922,
0.191252921863384,0.286879382795076,0.382505843726768,0.430319074192613,
0.454225689425536,0.478132304658459,0.573758765590151,0.669385226521843),
 .UNSPECIFIED.);
#75=B_SPLINE_CURVE_WITH_KNOTS('',3,(#1684,#1685,#1686,#1687,#1688,#1689,
#1690,#1691,#1692,#1693,#1694,#1695,#1696,#1697,#1698,#1699,#1700,#1701,
#1702,#1703,#1704,#1705),.UNSPECIFIED.,.F.,.F.,(4,2,2,2,2,2,2,2,2,2,4),
(0.,0.071922354703682,0.143844709407364,0.207034887428148,0.264083091586212,
0.321131295744275,0.378179499902342,0.435227704060408,0.498417882081191,
0.570340236784873,0.642262591488555),.UNSPECIFIED.);
#76=B_SPLINE_CURVE_WITH_KNOTS('',3,(#1759,#1760,#1761,#1762,#1763,#1764,
#1765,#1766,#1767,#1768,#1769,#1770,#1771,#1772,#1773,#1774,#1775,#1776,
#1777,#1778,#1779,#1780),.UNSPECIFIED.,.F.,.F.,(4,2,2,2,2,2,2,2,2,2,4),
(0.642262591488554,0.714184946192236,0.786107300895917,0.8492974789167,
0.906345683074767,0.963393887232833,1.0204420913909,1.07749029554896,1.14068047356975,
1.21260282827343,1.28452518297711),.UNSPECIFIED.);
#77=B_SPLINE_SURFACE_WITH_KNOTS('',3,3,((#1425,#1426,#1427,#1428,#1429,
#1430,#1431,#1432,#1433,#1434,#1435,#1436,#1437),(#1438,#1439,#1440,#1441,
#1442,#1443,#1444,#1445,#1446,#1447,#1448,#1449,#1450),(#1451,#1452,#1453,
#1454,#1455,#1456,#1457,#1458,#1459,#1460,#1461,#1462,#1463),(#1464,#1465,
#1466,#1467,#1468,#1469,#1470,#1471,#1472,#1473,#1474,#1475,#1476),(#1477,
#1478,#1479,#1480,#1481,#1482,#1483,#1484,#1485,#1486,#1487,#1488,#1489)),
 .UNSPECIFIED.,.F.,.F.,.F.,(4,1,4),(4,1,1,1,1,1,1,1,1,1,4),(0.,0.571428571428571,
1.),(0.,0.0717198456987683,0.0956264609316911,0.191252921863382,0.286879382795073,
0.382505843726764,0.43031907419261,0.454225689425533,0.478132304658456,
0.573758765590147,0.669385226521838),.UNSPECIFIED.);
#78=B_SPLINE_SURFACE_WITH_KNOTS('',3,3,((#1525,#1526,#1527,#1528,#1529,
#1530,#1531,#1532,#1533,#1534,#1535,#1536,#1537),(#1538,#1539,#1540,#1541,
#1542,#1543,#1544,#1545,#1546,#1547,#1548,#1549,#1550),(#1551,#1552,#1553,
#1554,#1555,#1556,#1557,#1558,#1559,#1560,#1561,#1562,#1563),(#1564,#1565,
#1566,#1567,#1568,#1569,#1570,#1571,#1572,#1573,#1574,#1575,#1576),(#1577,
#1578,#1579,#1580,#1581,#1582,#1583,#1584,#1585,#1586,#1587,#1588,#1589)),
 .UNSPECIFIED.,.F.,.F.,.F.,(4,1,4),(4,1,1,1,1,1,1,1,1,1,4),(0.,0.571428571428571,
1.),(3.57179004463359E-16,0.0717198456987692,0.0956264609316922,0.191252921863384,
0.286879382795076,0.382505843726768,0.430319074192613,0.454225689425536,
0.478132304658459,0.573758765590151,0.669385226521843),.UNSPECIFIED.);
#79=FACE_OUTER_BOUND('',#137,.T.);
#80=FACE_OUTER_BOUND('',#138,.T.);
#81=FACE_OUTER_BOUND('',#139,.T.);
#82=FACE_OUTER_BOUND('',#140,.T.);
#83=FACE_OUTER_BOUND('',#141,.T.);
#84=FACE_OUTER_BOUND('',#142,.T.);
#85=FACE_OUTER_BOUND('',#143,.T.);
#86=FACE_OUTER_BOUND('',#144,.T.);
#87=FACE_OUTER_BOUND('',#145,.T.);
#88=FACE_OUTER_BOUND('',#146,.T.);
#89=FACE_OUTER_BOUND('',#147,.T.);
#90=FACE_OUTER_BOUND('',#148,.T.);
#91=FACE_OUTER_BOUND('',#149,.T.);
#92=FACE_OUTER_BOUND('',#150,.T.);
#93=FACE_OUTER_BOUND('',#151,.T.);
#94=FACE_OUTER_BOUND('',#152,.T.);
#95=FACE_OUTER_BOUND('',#153,.T.);
#96=FACE_OUTER_BOUND('',#154,.T.);
#97=FACE_OUTER_BOUND('',#155,.T.);
#98=FACE_OUTER_BOUND('',#164,.T.);
#99=FACE_OUTER_BOUND('',#173,.T.);
#100=FACE_OUTER_BOUND('',#174,.T.);
#101=FACE_OUTER_BOUND('',#175,.T.);
#102=FACE_OUTER_BOUND('',#176,.T.);
#103=FACE_OUTER_BOUND('',#177,.T.);
#104=FACE_OUTER_BOUND('',#178,.T.);
#105=FACE_OUTER_BOUND('',#180,.T.);
#106=FACE_OUTER_BOUND('',#181,.T.);
#107=FACE_OUTER_BOUND('',#182,.T.);
#108=FACE_OUTER_BOUND('',#183,.T.);
#109=FACE_OUTER_BOUND('',#184,.T.);
#110=FACE_OUTER_BOUND('',#185,.T.);
#111=FACE_OUTER_BOUND('',#186,.T.);
#112=FACE_OUTER_BOUND('',#187,.T.);
#113=FACE_OUTER_BOUND('',#189,.T.);
#114=FACE_OUTER_BOUND('',#190,.T.);
#115=FACE_OUTER_BOUND('',#191,.T.);
#116=FACE_OUTER_BOUND('',#192,.T.);
#117=FACE_OUTER_BOUND('',#194,.T.);
#118=FACE_OUTER_BOUND('',#195,.T.);
#119=FACE_OUTER_BOUND('',#196,.T.);
#120=FACE_OUTER_BOUND('',#197,.T.);
#121=FACE_OUTER_BOUND('',#199,.T.);
#122=FACE_OUTER_BOUND('',#200,.T.);
#123=FACE_OUTER_BOUND('',#201,.T.);
#124=FACE_OUTER_BOUND('',#202,.T.);
#125=FACE_OUTER_BOUND('',#204,.T.);
#126=FACE_OUTER_BOUND('',#205,.T.);
#127=FACE_OUTER_BOUND('',#206,.T.);
#128=FACE_OUTER_BOUND('',#207,.T.);
#129=FACE_OUTER_BOUND('',#209,.T.);
#130=FACE_OUTER_BOUND('',#210,.T.);
#131=FACE_OUTER_BOUND('',#211,.T.);
#132=FACE_OUTER_BOUND('',#212,.T.);
#133=FACE_OUTER_BOUND('',#214,.T.);
#134=FACE_OUTER_BOUND('',#215,.T.);
#135=FACE_OUTER_BOUND('',#216,.T.);
#136=FACE_OUTER_BOUND('',#217,.T.);
#137=EDGE_LOOP('',(#615,#616,#617,#618));
#138=EDGE_LOOP('',(#619,#620,#621,#622));
#139=EDGE_LOOP('',(#623,#624,#625,#626));
#140=EDGE_LOOP('',(#627,#628,#629,#630));
#141=EDGE_LOOP('',(#631,#632,#633,#634,#635,#636));
#142=EDGE_LOOP('',(#637,#638,#639,#640));
#143=EDGE_LOOP('',(#641,#642,#643,#644));
#144=EDGE_LOOP('',(#645,#646,#647,#648));
#145=EDGE_LOOP('',(#649,#650,#651,#652));
#146=EDGE_LOOP('',(#653,#654,#655,#656));
#147=EDGE_LOOP('',(#657,#658,#659,#660));
#148=EDGE_LOOP('',(#661,#662,#663,#664));
#149=EDGE_LOOP('',(#665,#666,#667,#668));
#150=EDGE_LOOP('',(#669,#670,#671,#672));
#151=EDGE_LOOP('',(#673,#674,#675,#676));
#152=EDGE_LOOP('',(#677,#678,#679,#680,#681,#682));
#153=EDGE_LOOP('',(#683,#684,#685,#686));
#154=EDGE_LOOP('',(#687,#688,#689,#690));
#155=EDGE_LOOP('',(#691,#692,#693,#694,#695,#696,#697,#698));
#156=EDGE_LOOP('',(#699));
#157=EDGE_LOOP('',(#700));
#158=EDGE_LOOP('',(#701));
#159=EDGE_LOOP('',(#702));
#160=EDGE_LOOP('',(#703));
#161=EDGE_LOOP('',(#704));
#162=EDGE_LOOP('',(#705));
#163=EDGE_LOOP('',(#706));
#164=EDGE_LOOP('',(#707,#708,#709,#710,#711,#712,#713,#714));
#165=EDGE_LOOP('',(#715));
#166=EDGE_LOOP('',(#716));
#167=EDGE_LOOP('',(#717));
#168=EDGE_LOOP('',(#718));
#169=EDGE_LOOP('',(#719));
#170=EDGE_LOOP('',(#720));
#171=EDGE_LOOP('',(#721));
#172=EDGE_LOOP('',(#722));
#173=EDGE_LOOP('',(#723,#724,#725,#726));
#174=EDGE_LOOP('',(#727,#728,#729,#730));
#175=EDGE_LOOP('',(#731,#732,#733,#734,#735));
#176=EDGE_LOOP('',(#736,#737,#738,#739,#740));
#177=EDGE_LOOP('',(#741,#742,#743,#744));
#178=EDGE_LOOP('',(#745));
#179=EDGE_LOOP('',(#746));
#180=EDGE_LOOP('',(#747,#748,#749,#750));
#181=EDGE_LOOP('',(#751,#752,#753,#754,#755,#756));
#182=EDGE_LOOP('',(#757,#758,#759,#760));
#183=EDGE_LOOP('',(#761,#762,#763,#764,#765,#766));
#184=EDGE_LOOP('',(#767,#768,#769,#770,#771));
#185=EDGE_LOOP('',(#772,#773,#774,#775,#776));
#186=EDGE_LOOP('',(#777,#778,#779,#780));
#187=EDGE_LOOP('',(#781));
#188=EDGE_LOOP('',(#782));
#189=EDGE_LOOP('',(#783,#784,#785,#786,#787));
#190=EDGE_LOOP('',(#788,#789,#790,#791,#792));
#191=EDGE_LOOP('',(#793,#794,#795,#796));
#192=EDGE_LOOP('',(#797));
#193=EDGE_LOOP('',(#798));
#194=EDGE_LOOP('',(#799,#800,#801,#802,#803));
#195=EDGE_LOOP('',(#804,#805,#806,#807,#808));
#196=EDGE_LOOP('',(#809,#810,#811,#812));
#197=EDGE_LOOP('',(#813));
#198=EDGE_LOOP('',(#814));
#199=EDGE_LOOP('',(#815,#816,#817,#818,#819));
#200=EDGE_LOOP('',(#820,#821,#822,#823,#824));
#201=EDGE_LOOP('',(#825,#826,#827,#828));
#202=EDGE_LOOP('',(#829));
#203=EDGE_LOOP('',(#830));
#204=EDGE_LOOP('',(#831,#832,#833,#834,#835));
#205=EDGE_LOOP('',(#836,#837,#838,#839,#840));
#206=EDGE_LOOP('',(#841,#842,#843,#844));
#207=EDGE_LOOP('',(#845));
#208=EDGE_LOOP('',(#846));
#209=EDGE_LOOP('',(#847,#848,#849,#850,#851));
#210=EDGE_LOOP('',(#852,#853,#854,#855,#856));
#211=EDGE_LOOP('',(#857,#858,#859,#860));
#212=EDGE_LOOP('',(#861));
#213=EDGE_LOOP('',(#862));
#214=EDGE_LOOP('',(#863,#864,#865,#866,#867));
#215=EDGE_LOOP('',(#868,#869,#870,#871,#872));
#216=EDGE_LOOP('',(#873,#874,#875,#876));
#217=EDGE_LOOP('',(#877));
#218=EDGE_LOOP('',(#878));
#219=LINE('',#1421,#273);
#220=LINE('',#1424,#274);
#221=LINE('',#1523,#275);
#222=LINE('',#1524,#276);
#223=LINE('',#1618,#277);
#224=LINE('',#1622,#278);
#225=LINE('',#1625,#279);
#226=LINE('',#1628,#280);
#227=LINE('',#1629,#281);
#228=LINE('',#1633,#282);
#229=LINE('',#1635,#283);
#230=LINE('',#1637,#284);
#231=LINE('',#1638,#285);
#232=LINE('',#1641,#286);
#233=LINE('',#1646,#287);
#234=LINE('',#1647,#288);
#235=LINE('',#1648,#289);
#236=LINE('',#1653,#290);
#237=LINE('',#1657,#291);
#238=LINE('',#1659,#292);
#239=LINE('',#1660,#293);
#240=LINE('',#1665,#294);
#241=LINE('',#1670,#295);
#242=LINE('',#1671,#296);
#243=LINE('',#1672,#297);
#244=LINE('',#1678,#298);
#245=LINE('',#1682,#299);
#246=LINE('',#1706,#300);
#247=LINE('',#1708,#301);
#248=LINE('',#1710,#302);
#249=LINE('',#1732,#303);
#250=LINE('',#1735,#304);
#251=LINE('',#1754,#305);
#252=LINE('',#1755,#306);
#253=LINE('',#1758,#307);
#254=LINE('',#1790,#308);
#255=LINE('',#1793,#309);
#256=LINE('',#1797,#310);
#257=LINE('',#1799,#311);
#258=LINE('',#1801,#312);
#259=LINE('',#1812,#313);
#260=LINE('',#1815,#314);
#261=LINE('',#1827,#315);
#262=LINE('',#1830,#316);
#263=LINE('',#1842,#317);
#264=LINE('',#1845,#318);
#265=LINE('',#1857,#319);
#266=LINE('',#1860,#320);
#267=LINE('',#1872,#321);
#268=LINE('',#1875,#322);
#269=LINE('',#1887,#323);
#270=LINE('',#1890,#324);
#271=LINE('',#1902,#325);
#272=LINE('',#1905,#326);
#273=VECTOR('',#1109,10.);
#274=VECTOR('',#1112,10.);
#275=VECTOR('',#1119,10.);
#276=VECTOR('',#1120,10.);
#277=VECTOR('',#1123,10.);
#278=VECTOR('',#1126,10.);
#279=VECTOR('',#1129,10.);
#280=VECTOR('',#1132,10.);
#281=VECTOR('',#1133,10.);
#282=VECTOR('',#1138,10.);
#283=VECTOR('',#1139,10.);
#284=VECTOR('',#1140,10.);
#285=VECTOR('',#1141,10.);
#286=VECTOR('',#1144,10.);
#287=VECTOR('',#1149,10.);
#288=VECTOR('',#1150,10.);
#289=VECTOR('',#1151,10.);
#290=VECTOR('',#1156,10.);
#291=VECTOR('',#1161,10.);
#292=VECTOR('',#1162,10.);
#293=VECTOR('',#1163,10.);
#294=VECTOR('',#1168,10.);
#295=VECTOR('',#1173,10.);
#296=VECTOR('',#1174,10.);
#297=VECTOR('',#1175,10.);
#298=VECTOR('',#1184,10.);
#299=VECTOR('',#1187,10.);
#300=VECTOR('',#1188,10.);
#301=VECTOR('',#1191,1000.);
#302=VECTOR('',#1194,10.);
#303=VECTOR('',#1217,1000.);
#304=VECTOR('',#1220,10.);
#305=VECTOR('',#1239,10.);
#306=VECTOR('',#1240,10.);
#307=VECTOR('',#1243,10.);
#308=VECTOR('',#1256,3.);
#309=VECTOR('',#1259,1.75);
#310=VECTOR('',#1266,10.);
#311=VECTOR('',#1269,10.);
#312=VECTOR('',#1272,10.);
#313=VECTOR('',#1287,3.);
#314=VECTOR('',#1290,1.75);
#315=VECTOR('',#1307,3.);
#316=VECTOR('',#1310,1.75);
#317=VECTOR('',#1327,3.);
#318=VECTOR('',#1330,1.75);
#319=VECTOR('',#1347,3.);
#320=VECTOR('',#1350,1.75);
#321=VECTOR('',#1367,3.);
#322=VECTOR('',#1370,1.75);
#323=VECTOR('',#1387,3.);
#324=VECTOR('',#1390,1.75);
#325=VECTOR('',#1407,3.);
#326=VECTOR('',#1410,1.75);
#327=CIRCLE('',#976,0.400000000000008);
#328=CIRCLE('',#977,0.399999999999991);
#329=CIRCLE('',#978,0.400000000000027);
#330=CIRCLE('',#980,0.399999999999991);
#331=CIRCLE('',#982,2.);
#332=CIRCLE('',#983,2.);
#333=CIRCLE('',#988,1.60000000000001);
#334=CIRCLE('',#991,2.);
#335=CIRCLE('',#992,1.60000000000001);
#336=CIRCLE('',#995,2.);
#337=CIRCLE('',#996,1.6);
#338=CIRCLE('',#999,2.);
#339=CIRCLE('',#1000,1.6);
#340=CIRCLE('',#1002,2.);
#341=CIRCLE('',#1006,3.4);
#342=CIRCLE('',#1007,3.4);
#343=CIRCLE('',#1008,3.4);
#344=CIRCLE('',#1009,3.4);
#345=CIRCLE('',#1010,3.4);
#346=CIRCLE('',#1011,3.4);
#347=CIRCLE('',#1012,3.4);
#348=CIRCLE('',#1013,3.4);
#349=CIRCLE('',#1015,2.);
#350=CIRCLE('',#1016,2.);
#351=CIRCLE('',#1017,1.75);
#352=CIRCLE('',#1018,1.75);
#353=CIRCLE('',#1019,1.75);
#354=CIRCLE('',#1020,1.75);
#355=CIRCLE('',#1021,1.75);
#356=CIRCLE('',#1022,1.75);
#357=CIRCLE('',#1023,1.75);
#358=CIRCLE('',#1024,1.75);
#359=CIRCLE('',#1028,0.4);
#360=CIRCLE('',#1029,3.);
#361=CIRCLE('',#1030,3.);
#362=CIRCLE('',#1032,3.);
#363=CIRCLE('',#1034,1.75);
#364=CIRCLE('',#1041,0.4);
#365=CIRCLE('',#1042,3.);
#366=CIRCLE('',#1043,3.);
#367=CIRCLE('',#1045,3.);
#368=CIRCLE('',#1047,1.75);
#369=CIRCLE('',#1050,0.4);
#370=CIRCLE('',#1051,3.);
#371=CIRCLE('',#1052,3.);
#372=CIRCLE('',#1054,3.);
#373=CIRCLE('',#1056,1.75);
#374=CIRCLE('',#1059,0.4);
#375=CIRCLE('',#1060,3.);
#376=CIRCLE('',#1061,3.);
#377=CIRCLE('',#1063,3.);
#378=CIRCLE('',#1065,1.75);
#379=CIRCLE('',#1068,0.4);
#380=CIRCLE('',#1069,3.);
#381=CIRCLE('',#1070,3.);
#382=CIRCLE('',#1072,3.);
#383=CIRCLE('',#1074,1.75);
#384=CIRCLE('',#1077,0.4);
#385=CIRCLE('',#1078,3.);
#386=CIRCLE('',#1079,3.);
#387=CIRCLE('',#1081,3.);
#388=CIRCLE('',#1083,1.75);
#389=CIRCLE('',#1086,0.4);
#390=CIRCLE('',#1087,3.);
#391=CIRCLE('',#1088,3.);
#392=CIRCLE('',#1090,3.);
#393=CIRCLE('',#1092,1.75);
#394=CIRCLE('',#1095,0.4);
#395=CIRCLE('',#1096,3.);
#396=CIRCLE('',#1097,3.);
#397=CIRCLE('',#1099,3.);
#398=CIRCLE('',#1101,1.75);
#399=VERTEX_POINT('',#1417);
#400=VERTEX_POINT('',#1418);
#401=VERTEX_POINT('',#1420);
#402=VERTEX_POINT('',#1422);
#403=VERTEX_POINT('',#1490);
#404=VERTEX_POINT('',#1504);
#405=VERTEX_POINT('',#1520);
#406=VERTEX_POINT('',#1521);
#407=VERTEX_POINT('',#1617);
#408=VERTEX_POINT('',#1619);
#409=VERTEX_POINT('',#1621);
#410=VERTEX_POINT('',#1623);
#411=VERTEX_POINT('',#1627);
#412=VERTEX_POINT('',#1632);
#413=VERTEX_POINT('',#1634);
#414=VERTEX_POINT('',#1636);
#415=VERTEX_POINT('',#1640);
#416=VERTEX_POINT('',#1644);
#417=VERTEX_POINT('',#1645);
#418=VERTEX_POINT('',#1650);
#419=VERTEX_POINT('',#1652);
#420=VERTEX_POINT('',#1656);
#421=VERTEX_POINT('',#1658);
#422=VERTEX_POINT('',#1662);
#423=VERTEX_POINT('',#1664);
#424=VERTEX_POINT('',#1668);
#425=VERTEX_POINT('',#1669);
#426=VERTEX_POINT('',#1677);
#427=VERTEX_POINT('',#1679);
#428=VERTEX_POINT('',#1681);
#429=VERTEX_POINT('',#1683);
#430=VERTEX_POINT('',#1712);
#431=VERTEX_POINT('',#1714);
#432=VERTEX_POINT('',#1716);
#433=VERTEX_POINT('',#1718);
#434=VERTEX_POINT('',#1720);
#435=VERTEX_POINT('',#1722);
#436=VERTEX_POINT('',#1724);
#437=VERTEX_POINT('',#1726);
#438=VERTEX_POINT('',#1729);
#439=VERTEX_POINT('',#1731);
#440=VERTEX_POINT('',#1733);
#441=VERTEX_POINT('',#1736);
#442=VERTEX_POINT('',#1738);
#443=VERTEX_POINT('',#1740);
#444=VERTEX_POINT('',#1742);
#445=VERTEX_POINT('',#1744);
#446=VERTEX_POINT('',#1746);
#447=VERTEX_POINT('',#1748);
#448=VERTEX_POINT('',#1750);
#449=VERTEX_POINT('',#1753);
#450=VERTEX_POINT('',#1757);
#451=VERTEX_POINT('',#1782);
#452=VERTEX_POINT('',#1784);
#453=VERTEX_POINT('',#1788);
#454=VERTEX_POINT('',#1792);
#455=VERTEX_POINT('',#1804);
#456=VERTEX_POINT('',#1806);
#457=VERTEX_POINT('',#1810);
#458=VERTEX_POINT('',#1814);
#459=VERTEX_POINT('',#1819);
#460=VERTEX_POINT('',#1821);
#461=VERTEX_POINT('',#1825);
#462=VERTEX_POINT('',#1829);
#463=VERTEX_POINT('',#1834);
#464=VERTEX_POINT('',#1836);
#465=VERTEX_POINT('',#1840);
#466=VERTEX_POINT('',#1844);
#467=VERTEX_POINT('',#1849);
#468=VERTEX_POINT('',#1851);
#469=VERTEX_POINT('',#1855);
#470=VERTEX_POINT('',#1859);
#471=VERTEX_POINT('',#1864);
#472=VERTEX_POINT('',#1866);
#473=VERTEX_POINT('',#1870);
#474=VERTEX_POINT('',#1874);
#475=VERTEX_POINT('',#1879);
#476=VERTEX_POINT('',#1881);
#477=VERTEX_POINT('',#1885);
#478=VERTEX_POINT('',#1889);
#479=VERTEX_POINT('',#1894);
#480=VERTEX_POINT('',#1896);
#481=VERTEX_POINT('',#1900);
#482=VERTEX_POINT('',#1904);
#483=EDGE_CURVE('',#399,#400,#327,.T.);
#484=EDGE_CURVE('',#400,#401,#219,.T.);
#485=EDGE_CURVE('',#401,#402,#328,.T.);
#486=EDGE_CURVE('',#402,#399,#220,.T.);
#487=EDGE_CURVE('',#401,#403,#71,.T.);
#488=EDGE_CURVE('',#403,#404,#329,.T.);
#489=EDGE_CURVE('',#404,#402,#72,.T.);
#490=EDGE_CURVE('',#405,#406,#330,.T.);
#491=EDGE_CURVE('',#406,#404,#221,.T.);
#492=EDGE_CURVE('',#403,#405,#222,.T.);
#493=EDGE_CURVE('',#405,#400,#73,.T.);
#494=EDGE_CURVE('',#399,#406,#74,.T.);
#495=EDGE_CURVE('',#401,#407,#223,.T.);
#496=EDGE_CURVE('',#407,#408,#331,.T.);
#497=EDGE_CURVE('',#408,#409,#224,.T.);
#498=EDGE_CURVE('',#410,#409,#332,.T.);
#499=EDGE_CURVE('',#410,#403,#225,.T.);
#500=EDGE_CURVE('',#400,#411,#226,.T.);
#501=EDGE_CURVE('',#407,#411,#227,.T.);
#502=EDGE_CURVE('',#410,#412,#228,.T.);
#503=EDGE_CURVE('',#412,#413,#229,.T.);
#504=EDGE_CURVE('',#413,#414,#230,.T.);
#505=EDGE_CURVE('',#414,#410,#231,.T.);
#506=EDGE_CURVE('',#409,#415,#232,.T.);
#507=EDGE_CURVE('',#415,#412,#333,.T.);
#508=EDGE_CURVE('',#416,#417,#233,.T.);
#509=EDGE_CURVE('',#417,#415,#234,.T.);
#510=EDGE_CURVE('',#409,#416,#235,.T.);
#511=EDGE_CURVE('',#416,#418,#334,.T.);
#512=EDGE_CURVE('',#418,#419,#236,.T.);
#513=EDGE_CURVE('',#419,#417,#335,.T.);
#514=EDGE_CURVE('',#418,#420,#237,.T.);
#515=EDGE_CURVE('',#420,#421,#238,.T.);
#516=EDGE_CURVE('',#421,#419,#239,.T.);
#517=EDGE_CURVE('',#420,#422,#336,.T.);
#518=EDGE_CURVE('',#422,#423,#240,.T.);
#519=EDGE_CURVE('',#423,#421,#337,.T.);
#520=EDGE_CURVE('',#424,#425,#241,.T.);
#521=EDGE_CURVE('',#425,#423,#242,.T.);
#522=EDGE_CURVE('',#422,#424,#243,.T.);
#523=EDGE_CURVE('',#424,#414,#338,.T.);
#524=EDGE_CURVE('',#413,#425,#339,.T.);
#525=EDGE_CURVE('',#416,#426,#244,.T.);
#526=EDGE_CURVE('',#426,#427,#340,.T.);
#527=EDGE_CURVE('',#427,#428,#245,.T.);
#528=EDGE_CURVE('',#428,#429,#75,.F.);
#529=EDGE_CURVE('',#418,#429,#246,.T.);
#530=EDGE_CURVE('',#408,#426,#247,.T.);
#531=EDGE_CURVE('',#405,#414,#248,.T.);
#532=EDGE_CURVE('',#430,#430,#341,.T.);
#533=EDGE_CURVE('',#431,#431,#342,.T.);
#534=EDGE_CURVE('',#432,#432,#343,.T.);
#535=EDGE_CURVE('',#433,#433,#344,.T.);
#536=EDGE_CURVE('',#434,#434,#345,.T.);
#537=EDGE_CURVE('',#435,#435,#346,.T.);
#538=EDGE_CURVE('',#436,#436,#347,.T.);
#539=EDGE_CURVE('',#437,#437,#348,.T.);
#540=EDGE_CURVE('',#438,#411,#349,.T.);
#541=EDGE_CURVE('',#439,#438,#249,.T.);
#542=EDGE_CURVE('',#440,#439,#350,.T.);
#543=EDGE_CURVE('',#440,#427,#250,.T.);
#544=EDGE_CURVE('',#441,#441,#351,.T.);
#545=EDGE_CURVE('',#442,#442,#352,.T.);
#546=EDGE_CURVE('',#443,#443,#353,.T.);
#547=EDGE_CURVE('',#444,#444,#354,.T.);
#548=EDGE_CURVE('',#445,#445,#355,.T.);
#549=EDGE_CURVE('',#446,#446,#356,.T.);
#550=EDGE_CURVE('',#447,#447,#357,.T.);
#551=EDGE_CURVE('',#448,#448,#358,.T.);
#552=EDGE_CURVE('',#429,#449,#251,.T.);
#553=EDGE_CURVE('',#420,#449,#252,.T.);
#554=EDGE_CURVE('',#450,#428,#253,.T.);
#555=EDGE_CURVE('',#449,#450,#76,.F.);
#556=EDGE_CURVE('',#430,#451,#359,.T.);
#557=EDGE_CURVE('',#451,#452,#360,.T.);
#558=EDGE_CURVE('',#452,#451,#361,.T.);
#559=EDGE_CURVE('',#453,#453,#362,.T.);
#560=EDGE_CURVE('',#453,#452,#254,.T.);
#561=EDGE_CURVE('',#441,#454,#255,.T.);
#562=EDGE_CURVE('',#454,#454,#363,.T.);
#563=EDGE_CURVE('',#450,#440,#256,.T.);
#564=EDGE_CURVE('',#424,#438,#257,.T.);
#565=EDGE_CURVE('',#439,#422,#258,.T.);
#566=EDGE_CURVE('',#431,#455,#364,.T.);
#567=EDGE_CURVE('',#455,#456,#365,.T.);
#568=EDGE_CURVE('',#456,#455,#366,.T.);
#569=EDGE_CURVE('',#457,#457,#367,.T.);
#570=EDGE_CURVE('',#457,#456,#259,.T.);
#571=EDGE_CURVE('',#442,#458,#260,.T.);
#572=EDGE_CURVE('',#458,#458,#368,.T.);
#573=EDGE_CURVE('',#432,#459,#369,.T.);
#574=EDGE_CURVE('',#459,#460,#370,.T.);
#575=EDGE_CURVE('',#460,#459,#371,.T.);
#576=EDGE_CURVE('',#461,#461,#372,.T.);
#577=EDGE_CURVE('',#461,#460,#261,.T.);
#578=EDGE_CURVE('',#443,#462,#262,.T.);
#579=EDGE_CURVE('',#462,#462,#373,.T.);
#580=EDGE_CURVE('',#433,#463,#374,.T.);
#581=EDGE_CURVE('',#463,#464,#375,.T.);
#582=EDGE_CURVE('',#464,#463,#376,.T.);
#583=EDGE_CURVE('',#465,#465,#377,.T.);
#584=EDGE_CURVE('',#465,#464,#263,.T.);
#585=EDGE_CURVE('',#444,#466,#264,.T.);
#586=EDGE_CURVE('',#466,#466,#378,.T.);
#587=EDGE_CURVE('',#434,#467,#379,.T.);
#588=EDGE_CURVE('',#467,#468,#380,.T.);
#589=EDGE_CURVE('',#468,#467,#381,.T.);
#590=EDGE_CURVE('',#469,#469,#382,.T.);
#591=EDGE_CURVE('',#469,#468,#265,.T.);
#592=EDGE_CURVE('',#445,#470,#266,.T.);
#593=EDGE_CURVE('',#470,#470,#383,.T.);
#594=EDGE_CURVE('',#435,#471,#384,.T.);
#595=EDGE_CURVE('',#471,#472,#385,.T.);
#596=EDGE_CURVE('',#472,#471,#386,.T.);
#597=EDGE_CURVE('',#473,#473,#387,.T.);
#598=EDGE_CURVE('',#473,#472,#267,.T.);
#599=EDGE_CURVE('',#446,#474,#268,.T.);
#600=EDGE_CURVE('',#474,#474,#388,.T.);
#601=EDGE_CURVE('',#436,#475,#389,.T.);
#602=EDGE_CURVE('',#475,#476,#390,.T.);
#603=EDGE_CURVE('',#476,#475,#391,.T.);
#604=EDGE_CURVE('',#477,#477,#392,.T.);
#605=EDGE_CURVE('',#477,#476,#269,.T.);
#606=EDGE_CURVE('',#447,#478,#270,.T.);
#607=EDGE_CURVE('',#478,#478,#393,.T.);
#608=EDGE_CURVE('',#437,#479,#394,.T.);
#609=EDGE_CURVE('',#479,#480,#395,.T.);
#610=EDGE_CURVE('',#480,#479,#396,.T.);
#611=EDGE_CURVE('',#481,#481,#397,.T.);
#612=EDGE_CURVE('',#481,#480,#271,.T.);
#613=EDGE_CURVE('',#448,#482,#272,.T.);
#614=EDGE_CURVE('',#482,#482,#398,.T.);
#615=ORIENTED_EDGE('',*,*,#483,.T.);
#616=ORIENTED_EDGE('',*,*,#484,.T.);
#617=ORIENTED_EDGE('',*,*,#485,.T.);
#618=ORIENTED_EDGE('',*,*,#486,.T.);
#619=ORIENTED_EDGE('',*,*,#485,.F.);
#620=ORIENTED_EDGE('',*,*,#487,.T.);
#621=ORIENTED_EDGE('',*,*,#488,.T.);
#622=ORIENTED_EDGE('',*,*,#489,.T.);
#623=ORIENTED_EDGE('',*,*,#490,.T.);
#624=ORIENTED_EDGE('',*,*,#491,.T.);
#625=ORIENTED_EDGE('',*,*,#488,.F.);
#626=ORIENTED_EDGE('',*,*,#492,.T.);
#627=ORIENTED_EDGE('',*,*,#490,.F.);
#628=ORIENTED_EDGE('',*,*,#493,.T.);
#629=ORIENTED_EDGE('',*,*,#483,.F.);
#630=ORIENTED_EDGE('',*,*,#494,.T.);
#631=ORIENTED_EDGE('',*,*,#487,.F.);
#632=ORIENTED_EDGE('',*,*,#495,.T.);
#633=ORIENTED_EDGE('',*,*,#496,.T.);
#634=ORIENTED_EDGE('',*,*,#497,.T.);
#635=ORIENTED_EDGE('',*,*,#498,.F.);
#636=ORIENTED_EDGE('',*,*,#499,.T.);
#637=ORIENTED_EDGE('',*,*,#484,.F.);
#638=ORIENTED_EDGE('',*,*,#500,.T.);
#639=ORIENTED_EDGE('',*,*,#501,.F.);
#640=ORIENTED_EDGE('',*,*,#495,.F.);
#641=ORIENTED_EDGE('',*,*,#486,.F.);
#642=ORIENTED_EDGE('',*,*,#489,.F.);
#643=ORIENTED_EDGE('',*,*,#491,.F.);
#644=ORIENTED_EDGE('',*,*,#494,.F.);
#645=ORIENTED_EDGE('',*,*,#502,.T.);
#646=ORIENTED_EDGE('',*,*,#503,.T.);
#647=ORIENTED_EDGE('',*,*,#504,.T.);
#648=ORIENTED_EDGE('',*,*,#505,.T.);
#649=ORIENTED_EDGE('',*,*,#502,.F.);
#650=ORIENTED_EDGE('',*,*,#498,.T.);
#651=ORIENTED_EDGE('',*,*,#506,.T.);
#652=ORIENTED_EDGE('',*,*,#507,.T.);
#653=ORIENTED_EDGE('',*,*,#508,.T.);
#654=ORIENTED_EDGE('',*,*,#509,.T.);
#655=ORIENTED_EDGE('',*,*,#506,.F.);
#656=ORIENTED_EDGE('',*,*,#510,.T.);
#657=ORIENTED_EDGE('',*,*,#508,.F.);
#658=ORIENTED_EDGE('',*,*,#511,.T.);
#659=ORIENTED_EDGE('',*,*,#512,.T.);
#660=ORIENTED_EDGE('',*,*,#513,.T.);
#661=ORIENTED_EDGE('',*,*,#512,.F.);
#662=ORIENTED_EDGE('',*,*,#514,.T.);
#663=ORIENTED_EDGE('',*,*,#515,.T.);
#664=ORIENTED_EDGE('',*,*,#516,.T.);
#665=ORIENTED_EDGE('',*,*,#515,.F.);
#666=ORIENTED_EDGE('',*,*,#517,.T.);
#667=ORIENTED_EDGE('',*,*,#518,.T.);
#668=ORIENTED_EDGE('',*,*,#519,.T.);
#669=ORIENTED_EDGE('',*,*,#520,.T.);
#670=ORIENTED_EDGE('',*,*,#521,.T.);
#671=ORIENTED_EDGE('',*,*,#518,.F.);
#672=ORIENTED_EDGE('',*,*,#522,.T.);
#673=ORIENTED_EDGE('',*,*,#520,.F.);
#674=ORIENTED_EDGE('',*,*,#523,.T.);
#675=ORIENTED_EDGE('',*,*,#504,.F.);
#676=ORIENTED_EDGE('',*,*,#524,.T.);
#677=ORIENTED_EDGE('',*,*,#511,.F.);
#678=ORIENTED_EDGE('',*,*,#525,.T.);
#679=ORIENTED_EDGE('',*,*,#526,.T.);
#680=ORIENTED_EDGE('',*,*,#527,.T.);
#681=ORIENTED_EDGE('',*,*,#528,.T.);
#682=ORIENTED_EDGE('',*,*,#529,.F.);
#683=ORIENTED_EDGE('',*,*,#510,.F.);
#684=ORIENTED_EDGE('',*,*,#497,.F.);
#685=ORIENTED_EDGE('',*,*,#530,.T.);
#686=ORIENTED_EDGE('',*,*,#525,.F.);
#687=ORIENTED_EDGE('',*,*,#492,.F.);
#688=ORIENTED_EDGE('',*,*,#499,.F.);
#689=ORIENTED_EDGE('',*,*,#505,.F.);
#690=ORIENTED_EDGE('',*,*,#531,.F.);
#691=ORIENTED_EDGE('',*,*,#503,.F.);
#692=ORIENTED_EDGE('',*,*,#507,.F.);
#693=ORIENTED_EDGE('',*,*,#509,.F.);
#694=ORIENTED_EDGE('',*,*,#513,.F.);
#695=ORIENTED_EDGE('',*,*,#516,.F.);
#696=ORIENTED_EDGE('',*,*,#519,.F.);
#697=ORIENTED_EDGE('',*,*,#521,.F.);
#698=ORIENTED_EDGE('',*,*,#524,.F.);
#699=ORIENTED_EDGE('',*,*,#532,.F.);
#700=ORIENTED_EDGE('',*,*,#533,.F.);
#701=ORIENTED_EDGE('',*,*,#534,.F.);
#702=ORIENTED_EDGE('',*,*,#535,.F.);
#703=ORIENTED_EDGE('',*,*,#536,.F.);
#704=ORIENTED_EDGE('',*,*,#537,.F.);
#705=ORIENTED_EDGE('',*,*,#538,.F.);
#706=ORIENTED_EDGE('',*,*,#539,.F.);
#707=ORIENTED_EDGE('',*,*,#496,.F.);
#708=ORIENTED_EDGE('',*,*,#501,.T.);
#709=ORIENTED_EDGE('',*,*,#540,.F.);
#710=ORIENTED_EDGE('',*,*,#541,.F.);
#711=ORIENTED_EDGE('',*,*,#542,.F.);
#712=ORIENTED_EDGE('',*,*,#543,.T.);
#713=ORIENTED_EDGE('',*,*,#526,.F.);
#714=ORIENTED_EDGE('',*,*,#530,.F.);
#715=ORIENTED_EDGE('',*,*,#544,.F.);
#716=ORIENTED_EDGE('',*,*,#545,.F.);
#717=ORIENTED_EDGE('',*,*,#546,.F.);
#718=ORIENTED_EDGE('',*,*,#547,.F.);
#719=ORIENTED_EDGE('',*,*,#548,.F.);
#720=ORIENTED_EDGE('',*,*,#549,.F.);
#721=ORIENTED_EDGE('',*,*,#550,.F.);
#722=ORIENTED_EDGE('',*,*,#551,.F.);
#723=ORIENTED_EDGE('',*,*,#514,.F.);
#724=ORIENTED_EDGE('',*,*,#529,.T.);
#725=ORIENTED_EDGE('',*,*,#552,.T.);
#726=ORIENTED_EDGE('',*,*,#553,.F.);
#727=ORIENTED_EDGE('',*,*,#528,.F.);
#728=ORIENTED_EDGE('',*,*,#554,.F.);
#729=ORIENTED_EDGE('',*,*,#555,.F.);
#730=ORIENTED_EDGE('',*,*,#552,.F.);
#731=ORIENTED_EDGE('',*,*,#532,.T.);
#732=ORIENTED_EDGE('',*,*,#556,.T.);
#733=ORIENTED_EDGE('',*,*,#557,.T.);
#734=ORIENTED_EDGE('',*,*,#558,.T.);
#735=ORIENTED_EDGE('',*,*,#556,.F.);
#736=ORIENTED_EDGE('',*,*,#559,.F.);
#737=ORIENTED_EDGE('',*,*,#560,.T.);
#738=ORIENTED_EDGE('',*,*,#557,.F.);
#739=ORIENTED_EDGE('',*,*,#558,.F.);
#740=ORIENTED_EDGE('',*,*,#560,.F.);
#741=ORIENTED_EDGE('',*,*,#544,.T.);
#742=ORIENTED_EDGE('',*,*,#561,.T.);
#743=ORIENTED_EDGE('',*,*,#562,.T.);
#744=ORIENTED_EDGE('',*,*,#561,.F.);
#745=ORIENTED_EDGE('',*,*,#559,.T.);
#746=ORIENTED_EDGE('',*,*,#562,.F.);
#747=ORIENTED_EDGE('',*,*,#527,.F.);
#748=ORIENTED_EDGE('',*,*,#543,.F.);
#749=ORIENTED_EDGE('',*,*,#563,.F.);
#750=ORIENTED_EDGE('',*,*,#554,.T.);
#751=ORIENTED_EDGE('',*,*,#493,.F.);
#752=ORIENTED_EDGE('',*,*,#531,.T.);
#753=ORIENTED_EDGE('',*,*,#523,.F.);
#754=ORIENTED_EDGE('',*,*,#564,.T.);
#755=ORIENTED_EDGE('',*,*,#540,.T.);
#756=ORIENTED_EDGE('',*,*,#500,.F.);
#757=ORIENTED_EDGE('',*,*,#522,.F.);
#758=ORIENTED_EDGE('',*,*,#565,.F.);
#759=ORIENTED_EDGE('',*,*,#541,.T.);
#760=ORIENTED_EDGE('',*,*,#564,.F.);
#761=ORIENTED_EDGE('',*,*,#517,.F.);
#762=ORIENTED_EDGE('',*,*,#553,.T.);
#763=ORIENTED_EDGE('',*,*,#555,.T.);
#764=ORIENTED_EDGE('',*,*,#563,.T.);
#765=ORIENTED_EDGE('',*,*,#542,.T.);
#766=ORIENTED_EDGE('',*,*,#565,.T.);
#767=ORIENTED_EDGE('',*,*,#533,.T.);
#768=ORIENTED_EDGE('',*,*,#566,.T.);
#769=ORIENTED_EDGE('',*,*,#567,.T.);
#770=ORIENTED_EDGE('',*,*,#568,.T.);
#771=ORIENTED_EDGE('',*,*,#566,.F.);
#772=ORIENTED_EDGE('',*,*,#569,.F.);
#773=ORIENTED_EDGE('',*,*,#570,.T.);
#774=ORIENTED_EDGE('',*,*,#567,.F.);
#775=ORIENTED_EDGE('',*,*,#568,.F.);
#776=ORIENTED_EDGE('',*,*,#570,.F.);
#777=ORIENTED_EDGE('',*,*,#545,.T.);
#778=ORIENTED_EDGE('',*,*,#571,.T.);
#779=ORIENTED_EDGE('',*,*,#572,.T.);
#780=ORIENTED_EDGE('',*,*,#571,.F.);
#781=ORIENTED_EDGE('',*,*,#569,.T.);
#782=ORIENTED_EDGE('',*,*,#572,.F.);
#783=ORIENTED_EDGE('',*,*,#534,.T.);
#784=ORIENTED_EDGE('',*,*,#573,.T.);
#785=ORIENTED_EDGE('',*,*,#574,.T.);
#786=ORIENTED_EDGE('',*,*,#575,.T.);
#787=ORIENTED_EDGE('',*,*,#573,.F.);
#788=ORIENTED_EDGE('',*,*,#576,.F.);
#789=ORIENTED_EDGE('',*,*,#577,.T.);
#790=ORIENTED_EDGE('',*,*,#574,.F.);
#791=ORIENTED_EDGE('',*,*,#575,.F.);
#792=ORIENTED_EDGE('',*,*,#577,.F.);
#793=ORIENTED_EDGE('',*,*,#546,.T.);
#794=ORIENTED_EDGE('',*,*,#578,.T.);
#795=ORIENTED_EDGE('',*,*,#579,.T.);
#796=ORIENTED_EDGE('',*,*,#578,.F.);
#797=ORIENTED_EDGE('',*,*,#576,.T.);
#798=ORIENTED_EDGE('',*,*,#579,.F.);
#799=ORIENTED_EDGE('',*,*,#535,.T.);
#800=ORIENTED_EDGE('',*,*,#580,.T.);
#801=ORIENTED_EDGE('',*,*,#581,.T.);
#802=ORIENTED_EDGE('',*,*,#582,.T.);
#803=ORIENTED_EDGE('',*,*,#580,.F.);
#804=ORIENTED_EDGE('',*,*,#583,.F.);
#805=ORIENTED_EDGE('',*,*,#584,.T.);
#806=ORIENTED_EDGE('',*,*,#581,.F.);
#807=ORIENTED_EDGE('',*,*,#582,.F.);
#808=ORIENTED_EDGE('',*,*,#584,.F.);
#809=ORIENTED_EDGE('',*,*,#547,.T.);
#810=ORIENTED_EDGE('',*,*,#585,.T.);
#811=ORIENTED_EDGE('',*,*,#586,.T.);
#812=ORIENTED_EDGE('',*,*,#585,.F.);
#813=ORIENTED_EDGE('',*,*,#583,.T.);
#814=ORIENTED_EDGE('',*,*,#586,.F.);
#815=ORIENTED_EDGE('',*,*,#536,.T.);
#816=ORIENTED_EDGE('',*,*,#587,.T.);
#817=ORIENTED_EDGE('',*,*,#588,.T.);
#818=ORIENTED_EDGE('',*,*,#589,.T.);
#819=ORIENTED_EDGE('',*,*,#587,.F.);
#820=ORIENTED_EDGE('',*,*,#590,.F.);
#821=ORIENTED_EDGE('',*,*,#591,.T.);
#822=ORIENTED_EDGE('',*,*,#588,.F.);
#823=ORIENTED_EDGE('',*,*,#589,.F.);
#824=ORIENTED_EDGE('',*,*,#591,.F.);
#825=ORIENTED_EDGE('',*,*,#548,.T.);
#826=ORIENTED_EDGE('',*,*,#592,.T.);
#827=ORIENTED_EDGE('',*,*,#593,.T.);
#828=ORIENTED_EDGE('',*,*,#592,.F.);
#829=ORIENTED_EDGE('',*,*,#590,.T.);
#830=ORIENTED_EDGE('',*,*,#593,.F.);
#831=ORIENTED_EDGE('',*,*,#537,.T.);
#832=ORIENTED_EDGE('',*,*,#594,.T.);
#833=ORIENTED_EDGE('',*,*,#595,.T.);
#834=ORIENTED_EDGE('',*,*,#596,.T.);
#835=ORIENTED_EDGE('',*,*,#594,.F.);
#836=ORIENTED_EDGE('',*,*,#597,.F.);
#837=ORIENTED_EDGE('',*,*,#598,.T.);
#838=ORIENTED_EDGE('',*,*,#595,.F.);
#839=ORIENTED_EDGE('',*,*,#596,.F.);
#840=ORIENTED_EDGE('',*,*,#598,.F.);
#841=ORIENTED_EDGE('',*,*,#549,.T.);
#842=ORIENTED_EDGE('',*,*,#599,.T.);
#843=ORIENTED_EDGE('',*,*,#600,.T.);
#844=ORIENTED_EDGE('',*,*,#599,.F.);
#845=ORIENTED_EDGE('',*,*,#597,.T.);
#846=ORIENTED_EDGE('',*,*,#600,.F.);
#847=ORIENTED_EDGE('',*,*,#538,.T.);
#848=ORIENTED_EDGE('',*,*,#601,.T.);
#849=ORIENTED_EDGE('',*,*,#602,.T.);
#850=ORIENTED_EDGE('',*,*,#603,.T.);
#851=ORIENTED_EDGE('',*,*,#601,.F.);
#852=ORIENTED_EDGE('',*,*,#604,.F.);
#853=ORIENTED_EDGE('',*,*,#605,.T.);
#854=ORIENTED_EDGE('',*,*,#602,.F.);
#855=ORIENTED_EDGE('',*,*,#603,.F.);
#856=ORIENTED_EDGE('',*,*,#605,.F.);
#857=ORIENTED_EDGE('',*,*,#550,.T.);
#858=ORIENTED_EDGE('',*,*,#606,.T.);
#859=ORIENTED_EDGE('',*,*,#607,.T.);
#860=ORIENTED_EDGE('',*,*,#606,.F.);
#861=ORIENTED_EDGE('',*,*,#604,.T.);
#862=ORIENTED_EDGE('',*,*,#607,.F.);
#863=ORIENTED_EDGE('',*,*,#539,.T.);
#864=ORIENTED_EDGE('',*,*,#608,.T.);
#865=ORIENTED_EDGE('',*,*,#609,.T.);
#866=ORIENTED_EDGE('',*,*,#610,.T.);
#867=ORIENTED_EDGE('',*,*,#608,.F.);
#868=ORIENTED_EDGE('',*,*,#611,.F.);
#869=ORIENTED_EDGE('',*,*,#612,.T.);
#870=ORIENTED_EDGE('',*,*,#609,.F.);
#871=ORIENTED_EDGE('',*,*,#610,.F.);
#872=ORIENTED_EDGE('',*,*,#612,.F.);
#873=ORIENTED_EDGE('',*,*,#551,.T.);
#874=ORIENTED_EDGE('',*,*,#613,.T.);
#875=ORIENTED_EDGE('',*,*,#614,.T.);
#876=ORIENTED_EDGE('',*,*,#613,.F.);
#877=ORIENTED_EDGE('',*,*,#611,.T.);
#878=ORIENTED_EDGE('',*,*,#614,.F.);
#879=CYLINDRICAL_SURFACE('',#975,0.4);
#880=CYLINDRICAL_SURFACE('',#979,0.4);
#881=CYLINDRICAL_SURFACE('',#981,2.);
#882=CYLINDRICAL_SURFACE('',#985,2.04999999999998);
#883=CYLINDRICAL_SURFACE('',#1001,2.);
#884=CYLINDRICAL_SURFACE('',#1026,2.04999999999998);
#885=CYLINDRICAL_SURFACE('',#1031,3.);
#886=CYLINDRICAL_SURFACE('',#1033,1.75);
#887=CYLINDRICAL_SURFACE('',#1037,2.);
#888=CYLINDRICAL_SURFACE('',#1039,2.);
#889=CYLINDRICAL_SURFACE('',#1044,3.);
#890=CYLINDRICAL_SURFACE('',#1046,1.75);
#891=CYLINDRICAL_SURFACE('',#1053,3.);
#892=CYLINDRICAL_SURFACE('',#1055,1.75);
#893=CYLINDRICAL_SURFACE('',#1062,3.);
#894=CYLINDRICAL_SURFACE('',#1064,1.75);
#895=CYLINDRICAL_SURFACE('',#1071,3.);
#896=CYLINDRICAL_SURFACE('',#1073,1.75);
#897=CYLINDRICAL_SURFACE('',#1080,3.);
#898=CYLINDRICAL_SURFACE('',#1082,1.75);
#899=CYLINDRICAL_SURFACE('',#1089,3.);
#900=CYLINDRICAL_SURFACE('',#1091,1.75);
#901=CYLINDRICAL_SURFACE('',#1098,3.);
#902=CYLINDRICAL_SURFACE('',#1100,1.75);
#903=ADVANCED_FACE('',(#79),#879,.T.);
#904=ADVANCED_FACE('',(#80),#77,.F.);
#905=ADVANCED_FACE('',(#81),#880,.T.);
#906=ADVANCED_FACE('',(#82),#78,.F.);
#907=ADVANCED_FACE('',(#83),#881,.T.);
#908=ADVANCED_FACE('',(#84),#51,.T.);
#909=ADVANCED_FACE('',(#85),#882,.F.);
#910=ADVANCED_FACE('',(#86),#52,.T.);
#911=ADVANCED_FACE('',(#87),#47,.T.);
#912=ADVANCED_FACE('',(#88),#53,.T.);
#913=ADVANCED_FACE('',(#89),#48,.T.);
#914=ADVANCED_FACE('',(#90),#54,.T.);
#915=ADVANCED_FACE('',(#91),#49,.T.);
#916=ADVANCED_FACE('',(#92),#55,.T.);
#917=ADVANCED_FACE('',(#93),#50,.T.);
#918=ADVANCED_FACE('',(#94),#883,.T.);
#919=ADVANCED_FACE('',(#95),#56,.F.);
#920=ADVANCED_FACE('',(#96),#57,.T.);
#921=ADVANCED_FACE('',(#97,#23,#24,#25,#26,#27,#28,#29,#30),#58,.T.);
#922=ADVANCED_FACE('',(#98,#31,#32,#33,#34,#35,#36,#37,#38),#59,.T.);
#923=ADVANCED_FACE('',(#99),#60,.T.);
#924=ADVANCED_FACE('',(#100),#884,.F.);
#925=ADVANCED_FACE('',(#101),#15,.T.);
#926=ADVANCED_FACE('',(#102),#885,.F.);
#927=ADVANCED_FACE('',(#103),#886,.F.);
#928=ADVANCED_FACE('',(#104,#39),#61,.F.);
#929=ADVANCED_FACE('',(#105),#62,.T.);
#930=ADVANCED_FACE('',(#106),#887,.T.);
#931=ADVANCED_FACE('',(#107),#63,.T.);
#932=ADVANCED_FACE('',(#108),#888,.T.);
#933=ADVANCED_FACE('',(#109),#16,.T.);
#934=ADVANCED_FACE('',(#110),#889,.F.);
#935=ADVANCED_FACE('',(#111),#890,.F.);
#936=ADVANCED_FACE('',(#112,#40),#64,.F.);
#937=ADVANCED_FACE('',(#113),#17,.T.);
#938=ADVANCED_FACE('',(#114),#891,.F.);
#939=ADVANCED_FACE('',(#115),#892,.F.);
#940=ADVANCED_FACE('',(#116,#41),#65,.F.);
#941=ADVANCED_FACE('',(#117),#18,.T.);
#942=ADVANCED_FACE('',(#118),#893,.F.);
#943=ADVANCED_FACE('',(#119),#894,.F.);
#944=ADVANCED_FACE('',(#120,#42),#66,.F.);
#945=ADVANCED_FACE('',(#121),#19,.T.);
#946=ADVANCED_FACE('',(#122),#895,.F.);
#947=ADVANCED_FACE('',(#123),#896,.F.);
#948=ADVANCED_FACE('',(#124,#43),#67,.F.);
#949=ADVANCED_FACE('',(#125),#20,.T.);
#950=ADVANCED_FACE('',(#126),#897,.F.);
#951=ADVANCED_FACE('',(#127),#898,.F.);
#952=ADVANCED_FACE('',(#128,#44),#68,.F.);
#953=ADVANCED_FACE('',(#129),#21,.T.);
#954=ADVANCED_FACE('',(#130),#899,.F.);
#955=ADVANCED_FACE('',(#131),#900,.F.);
#956=ADVANCED_FACE('',(#132,#45),#69,.F.);
#957=ADVANCED_FACE('',(#133),#22,.T.);
#958=ADVANCED_FACE('',(#134),#901,.F.);
#959=ADVANCED_FACE('',(#135),#902,.F.);
#960=ADVANCED_FACE('',(#136,#46),#70,.F.);
#961=CLOSED_SHELL('',(#903,#904,#905,#906,#907,#908,#909,#910,#911,#912,
#913,#914,#915,#916,#917,#918,#919,#920,#921,#922,#923,#924,#925,#926,#927,
#928,#929,#930,#931,#932,#933,#934,#935,#936,#937,#938,#939,#940,#941,#942,
#943,#944,#945,#946,#947,#948,#949,#950,#951,#952,#953,#954,#955,#956,#957,
#958,#959,#960));
#962=DERIVED_UNIT_ELEMENT(#964,1.);
#963=DERIVED_UNIT_ELEMENT(#1913,-3.);
#964=(
MASS_UNIT()
NAMED_UNIT(*)
SI_UNIT(.KILO.,.GRAM.)
);
#965=DERIVED_UNIT((#962,#963));
#966=MEASURE_REPRESENTATION_ITEM('density measure',
POSITIVE_RATIO_MEASURE(7850.),#965);
#967=PROPERTY_DEFINITION_REPRESENTATION(#972,#969);
#968=PROPERTY_DEFINITION_REPRESENTATION(#973,#970);
#969=REPRESENTATION('material name',(#971),#1910);
#970=REPRESENTATION('density',(#966),#1910);
#971=DESCRIPTIVE_REPRESENTATION_ITEM('Steel','Steel');
#972=PROPERTY_DEFINITION('material property','material name',#1920);
#973=PROPERTY_DEFINITION('material property','density of part',#1920);
#974=AXIS2_PLACEMENT_3D('',#1415,#1103,#1104);
#975=AXIS2_PLACEMENT_3D('',#1416,#1105,#1106);
#976=AXIS2_PLACEMENT_3D('',#1419,#1107,#1108);
#977=AXIS2_PLACEMENT_3D('',#1423,#1110,#1111);
#978=AXIS2_PLACEMENT_3D('',#1505,#1113,#1114);
#979=AXIS2_PLACEMENT_3D('',#1519,#1115,#1116);
#980=AXIS2_PLACEMENT_3D('',#1522,#1117,#1118);
#981=AXIS2_PLACEMENT_3D('',#1616,#1121,#1122);
#982=AXIS2_PLACEMENT_3D('',#1620,#1124,#1125);
#983=AXIS2_PLACEMENT_3D('',#1624,#1127,#1128);
#984=AXIS2_PLACEMENT_3D('',#1626,#1130,#1131);
#985=AXIS2_PLACEMENT_3D('',#1630,#1134,#1135);
#986=AXIS2_PLACEMENT_3D('',#1631,#1136,#1137);
#987=AXIS2_PLACEMENT_3D('',#1639,#1142,#1143);
#988=AXIS2_PLACEMENT_3D('',#1642,#1145,#1146);
#989=AXIS2_PLACEMENT_3D('',#1643,#1147,#1148);
#990=AXIS2_PLACEMENT_3D('',#1649,#1152,#1153);
#991=AXIS2_PLACEMENT_3D('',#1651,#1154,#1155);
#992=AXIS2_PLACEMENT_3D('',#1654,#1157,#1158);
#993=AXIS2_PLACEMENT_3D('',#1655,#1159,#1160);
#994=AXIS2_PLACEMENT_3D('',#1661,#1164,#1165);
#995=AXIS2_PLACEMENT_3D('',#1663,#1166,#1167);
#996=AXIS2_PLACEMENT_3D('',#1666,#1169,#1170);
#997=AXIS2_PLACEMENT_3D('',#1667,#1171,#1172);
#998=AXIS2_PLACEMENT_3D('',#1673,#1176,#1177);
#999=AXIS2_PLACEMENT_3D('',#1674,#1178,#1179);
#1000=AXIS2_PLACEMENT_3D('',#1675,#1180,#1181);
#1001=AXIS2_PLACEMENT_3D('',#1676,#1182,#1183);
#1002=AXIS2_PLACEMENT_3D('',#1680,#1185,#1186);
#1003=AXIS2_PLACEMENT_3D('',#1707,#1189,#1190);
#1004=AXIS2_PLACEMENT_3D('',#1709,#1192,#1193);
#1005=AXIS2_PLACEMENT_3D('',#1711,#1195,#1196);
#1006=AXIS2_PLACEMENT_3D('',#1713,#1197,#1198);
#1007=AXIS2_PLACEMENT_3D('',#1715,#1199,#1200);
#1008=AXIS2_PLACEMENT_3D('',#1717,#1201,#1202);
#1009=AXIS2_PLACEMENT_3D('',#1719,#1203,#1204);
#1010=AXIS2_PLACEMENT_3D('',#1721,#1205,#1206);
#1011=AXIS2_PLACEMENT_3D('',#1723,#1207,#1208);
#1012=AXIS2_PLACEMENT_3D('',#1725,#1209,#1210);
#1013=AXIS2_PLACEMENT_3D('',#1727,#1211,#1212);
#1014=AXIS2_PLACEMENT_3D('',#1728,#1213,#1214);
#1015=AXIS2_PLACEMENT_3D('',#1730,#1215,#1216);
#1016=AXIS2_PLACEMENT_3D('',#1734,#1218,#1219);
#1017=AXIS2_PLACEMENT_3D('',#1737,#1221,#1222);
#1018=AXIS2_PLACEMENT_3D('',#1739,#1223,#1224);
#1019=AXIS2_PLACEMENT_3D('',#1741,#1225,#1226);
#1020=AXIS2_PLACEMENT_3D('',#1743,#1227,#1228);
#1021=AXIS2_PLACEMENT_3D('',#1745,#1229,#1230);
#1022=AXIS2_PLACEMENT_3D('',#1747,#1231,#1232);
#1023=AXIS2_PLACEMENT_3D('',#1749,#1233,#1234);
#1024=AXIS2_PLACEMENT_3D('',#1751,#1235,#1236);
#1025=AXIS2_PLACEMENT_3D('',#1752,#1237,#1238);
#1026=AXIS2_PLACEMENT_3D('',#1756,#1241,#1242);
#1027=AXIS2_PLACEMENT_3D('',#1781,#1244,#1245);
#1028=AXIS2_PLACEMENT_3D('',#1783,#1246,#1247);
#1029=AXIS2_PLACEMENT_3D('',#1785,#1248,#1249);
#1030=AXIS2_PLACEMENT_3D('',#1786,#1250,#1251);
#1031=AXIS2_PLACEMENT_3D('',#1787,#1252,#1253);
#1032=AXIS2_PLACEMENT_3D('',#1789,#1254,#1255);
#1033=AXIS2_PLACEMENT_3D('',#1791,#1257,#1258);
#1034=AXIS2_PLACEMENT_3D('',#1794,#1260,#1261);
#1035=AXIS2_PLACEMENT_3D('',#1795,#1262,#1263);
#1036=AXIS2_PLACEMENT_3D('',#1796,#1264,#1265);
#1037=AXIS2_PLACEMENT_3D('',#1798,#1267,#1268);
#1038=AXIS2_PLACEMENT_3D('',#1800,#1270,#1271);
#1039=AXIS2_PLACEMENT_3D('',#1802,#1273,#1274);
#1040=AXIS2_PLACEMENT_3D('',#1803,#1275,#1276);
#1041=AXIS2_PLACEMENT_3D('',#1805,#1277,#1278);
#1042=AXIS2_PLACEMENT_3D('',#1807,#1279,#1280);
#1043=AXIS2_PLACEMENT_3D('',#1808,#1281,#1282);
#1044=AXIS2_PLACEMENT_3D('',#1809,#1283,#1284);
#1045=AXIS2_PLACEMENT_3D('',#1811,#1285,#1286);
#1046=AXIS2_PLACEMENT_3D('',#1813,#1288,#1289);
#1047=AXIS2_PLACEMENT_3D('',#1816,#1291,#1292);
#1048=AXIS2_PLACEMENT_3D('',#1817,#1293,#1294);
#1049=AXIS2_PLACEMENT_3D('',#1818,#1295,#1296);
#1050=AXIS2_PLACEMENT_3D('',#1820,#1297,#1298);
#1051=AXIS2_PLACEMENT_3D('',#1822,#1299,#1300);
#1052=AXIS2_PLACEMENT_3D('',#1823,#1301,#1302);
#1053=AXIS2_PLACEMENT_3D('',#1824,#1303,#1304);
#1054=AXIS2_PLACEMENT_3D('',#1826,#1305,#1306);
#1055=AXIS2_PLACEMENT_3D('',#1828,#1308,#1309);
#1056=AXIS2_PLACEMENT_3D('',#1831,#1311,#1312);
#1057=AXIS2_PLACEMENT_3D('',#1832,#1313,#1314);
#1058=AXIS2_PLACEMENT_3D('',#1833,#1315,#1316);
#1059=AXIS2_PLACEMENT_3D('',#1835,#1317,#1318);
#1060=AXIS2_PLACEMENT_3D('',#1837,#1319,#1320);
#1061=AXIS2_PLACEMENT_3D('',#1838,#1321,#1322);
#1062=AXIS2_PLACEMENT_3D('',#1839,#1323,#1324);
#1063=AXIS2_PLACEMENT_3D('',#1841,#1325,#1326);
#1064=AXIS2_PLACEMENT_3D('',#1843,#1328,#1329);
#1065=AXIS2_PLACEMENT_3D('',#1846,#1331,#1332);
#1066=AXIS2_PLACEMENT_3D('',#1847,#1333,#1334);
#1067=AXIS2_PLACEMENT_3D('',#1848,#1335,#1336);
#1068=AXIS2_PLACEMENT_3D('',#1850,#1337,#1338);
#1069=AXIS2_PLACEMENT_3D('',#1852,#1339,#1340);
#1070=AXIS2_PLACEMENT_3D('',#1853,#1341,#1342);
#1071=AXIS2_PLACEMENT_3D('',#1854,#1343,#1344);
#1072=AXIS2_PLACEMENT_3D('',#1856,#1345,#1346);
#1073=AXIS2_PLACEMENT_3D('',#1858,#1348,#1349);
#1074=AXIS2_PLACEMENT_3D('',#1861,#1351,#1352);
#1075=AXIS2_PLACEMENT_3D('',#1862,#1353,#1354);
#1076=AXIS2_PLACEMENT_3D('',#1863,#1355,#1356);
#1077=AXIS2_PLACEMENT_3D('',#1865,#1357,#1358);
#1078=AXIS2_PLACEMENT_3D('',#1867,#1359,#1360);
#1079=AXIS2_PLACEMENT_3D('',#1868,#1361,#1362);
#1080=AXIS2_PLACEMENT_3D('',#1869,#1363,#1364);
#1081=AXIS2_PLACEMENT_3D('',#1871,#1365,#1366);
#1082=AXIS2_PLACEMENT_3D('',#1873,#1368,#1369);
#1083=AXIS2_PLACEMENT_3D('',#1876,#1371,#1372);
#1084=AXIS2_PLACEMENT_3D('',#1877,#1373,#1374);
#1085=AXIS2_PLACEMENT_3D('',#1878,#1375,#1376);
#1086=AXIS2_PLACEMENT_3D('',#1880,#1377,#1378);
#1087=AXIS2_PLACEMENT_3D('',#1882,#1379,#1380);
#1088=AXIS2_PLACEMENT_3D('',#1883,#1381,#1382);
#1089=AXIS2_PLACEMENT_3D('',#1884,#1383,#1384);
#1090=AXIS2_PLACEMENT_3D('',#1886,#1385,#1386);
#1091=AXIS2_PLACEMENT_3D('',#1888,#1388,#1389);
#1092=AXIS2_PLACEMENT_3D('',#1891,#1391,#1392);
#1093=AXIS2_PLACEMENT_3D('',#1892,#1393,#1394);
#1094=AXIS2_PLACEMENT_3D('',#1893,#1395,#1396);
#1095=AXIS2_PLACEMENT_3D('',#1895,#1397,#1398);
#1096=AXIS2_PLACEMENT_3D('',#1897,#1399,#1400);
#1097=AXIS2_PLACEMENT_3D('',#1898,#1401,#1402);
#1098=AXIS2_PLACEMENT_3D('',#1899,#1403,#1404);
#1099=AXIS2_PLACEMENT_3D('',#1901,#1405,#1406);
#1100=AXIS2_PLACEMENT_3D('',#1903,#1408,#1409);
#1101=AXIS2_PLACEMENT_3D('',#1906,#1411,#1412);
#1102=AXIS2_PLACEMENT_3D('',#1907,#1413,#1414);
#1103=DIRECTION('axis',(0.,0.,1.));
#1104=DIRECTION('refdir',(1.,0.,0.));
#1105=DIRECTION('center_axis',(3.94430452610506E-31,2.64351606646292E-23,
-1.));
#1106=DIRECTION('ref_axis',(0.868966075756775,0.494871659305593,0.));
#1107=DIRECTION('center_axis',(0.,0.,-1.));
#1108=DIRECTION('ref_axis',(0.510204081632083,0.860053367580154,0.));
#1109=DIRECTION('',(3.94430452610506E-31,2.64351606646292E-23,-1.));
#1110=DIRECTION('center_axis',(0.,0.,1.));
#1111=DIRECTION('ref_axis',(1.,0.,0.));
#1112=DIRECTION('',(-3.94430452610506E-31,-2.64351606646292E-23,1.));
#1113=DIRECTION('center_axis',(0.,0.,-1.));
#1114=DIRECTION('ref_axis',(1.,0.,0.));
#1115=DIRECTION('center_axis',(3.94430452610506E-31,2.64351606646292E-23,
-1.));
#1116=DIRECTION('ref_axis',(0.868966075756775,-0.494871659305593,0.));
#1117=DIRECTION('center_axis',(0.,0.,-1.));
#1118=DIRECTION('ref_axis',(1.,0.,0.));
#1119=DIRECTION('',(3.94430452610506E-31,2.64351606646292E-23,-1.));
#1120=DIRECTION('',(-3.94430452610506E-31,-2.64351606646292E-23,1.));
#1121=DIRECTION('center_axis',(-5.65455496862421E-27,-1.,-2.64351606644838E-23));
#1122=DIRECTION('ref_axis',(0.707106781186548,0.,-0.707106781186548));
#1123=DIRECTION('',(-5.65455496862421E-27,-1.,-2.64351606644838E-23));
#1124=DIRECTION('center_axis',(2.42338070083895E-27,1.,-2.46300628634154E-26));
#1125=DIRECTION('ref_axis',(0.707106781186548,0.,-0.707106781186548));
#1126=DIRECTION('',(5.65455496862421E-27,1.,2.64351606644838E-23));
#1127=DIRECTION('center_axis',(2.42338070083895E-27,1.,-1.3254525426537E-23));
#1128=DIRECTION('ref_axis',(0.707106781186548,0.,-0.707106781186548));
#1129=DIRECTION('',(-5.65455496862421E-27,-1.,-2.64351606644838E-23));
#1130=DIRECTION('center_axis',(1.,-5.65455496862421E-27,3.94430452610506E-31));
#1131=DIRECTION('ref_axis',(3.94430452610506E-31,-1.33000747832546E-23,
-1.));
#1132=DIRECTION('',(-5.65455496862421E-27,-1.,1.32804391577114E-23));
#1133=DIRECTION('',(-5.91645678915759E-31,-3.96650560281574E-23,1.));
#1134=DIRECTION('center_axis',(-3.94430452610506E-31,-2.64351606646292E-23,
1.));
#1135=DIRECTION('ref_axis',(4.06652749668224E-12,1.,2.64351606646292E-23));
#1136=DIRECTION('center_axis',(0.70710678118661,0.707106781186485,-9.37236453160857E-24));
#1137=DIRECTION('ref_axis',(-1.32545250321042E-23,0.,-1.));
#1138=DIRECTION('',(-0.707106781186485,0.70710678118661,0.));
#1139=DIRECTION('',(-3.94430452610506E-31,1.3254525426537E-23,1.));
#1140=DIRECTION('',(0.707106781186485,-0.70710678118661,0.));
#1141=DIRECTION('',(3.94430452610506E-31,-1.3254525426537E-23,-1.));
#1142=DIRECTION('center_axis',(0.,-1.,0.));
#1143=DIRECTION('ref_axis',(0.707106781186548,-4.16625706641815E-24,-0.707106781186548));
#1144=DIRECTION('',(0.,0.707106781186579,0.707106781186516));
#1145=DIRECTION('center_axis',(-2.42338070083895E-27,-1.,1.3254525426537E-23));
#1146=DIRECTION('ref_axis',(0.707106781186547,-9.3740783994408E-24,-0.707106781186547));
#1147=DIRECTION('center_axis',(1.71400728363115E-27,0.707106781186422,-0.707106781186673));
#1148=DIRECTION('ref_axis',(-1.,0.,-2.423972346517E-27));
#1149=DIRECTION('',(0.,0.707106781186673,0.707106781186422));
#1150=DIRECTION('',(1.,-2.42338070083895E-27,5.91645678915759E-31));
#1151=DIRECTION('',(-1.,2.42338070083895E-27,-5.91645678915759E-31));
#1152=DIRECTION('center_axis',(0.,-1.,0.));
#1153=DIRECTION('ref_axis',(-0.707106781186548,-4.16473387626085E-24,-0.707106781186548));
#1154=DIRECTION('center_axis',(2.42338070083895E-27,1.,-1.3254525426537E-23));
#1155=DIRECTION('ref_axis',(-0.707106781186548,0.,-0.707106781186548));
#1156=DIRECTION('',(0.707106781186516,0.707106781186579,0.));
#1157=DIRECTION('center_axis',(-2.42338070083895E-27,-1.,1.3254525426537E-23));
#1158=DIRECTION('ref_axis',(-0.707106781186547,-9.37065122158688E-24,-0.707106781186547));
#1159=DIRECTION('center_axis',(-0.707106781186579,0.707106781186516,-9.37236508941788E-24));
#1160=DIRECTION('ref_axis',(-1.32545258209663E-23,0.,1.));
#1161=DIRECTION('',(-3.94430452610506E-31,1.3254525426537E-23,1.));
#1162=DIRECTION('',(0.707106781186516,0.707106781186579,0.));
#1163=DIRECTION('',(3.94430452610506E-31,-1.3254525426537E-23,-1.));
#1164=DIRECTION('center_axis',(0.,-1.,0.));
#1165=DIRECTION('ref_axis',(-0.707106781186552,-1.03093667027189E-24,0.707106781186543));
#1166=DIRECTION('center_axis',(2.42338070083895E-27,1.,-1.3254525426537E-23));
#1167=DIRECTION('ref_axis',(-0.707106781186552,-9.35494872604201E-24,0.707106781186543));
#1168=DIRECTION('',(0.,0.707106781186544,-0.707106781186551));
#1169=DIRECTION('center_axis',(-2.42338070083895E-27,-1.,1.3254525426537E-23));
#1170=DIRECTION('ref_axis',(-0.707106781186552,9.37407839944075E-24,0.707106781186543));
#1171=DIRECTION('center_axis',(1.71344947473567E-27,0.70710678118643,0.707106781186665));
#1172=DIRECTION('ref_axis',(1.,0.,-2.42318348561184E-27));
#1173=DIRECTION('',(0.,0.707106781186665,-0.70710678118643));
#1174=DIRECTION('',(-1.,2.42338070083895E-27,-1.97215226305253E-31));
#1175=DIRECTION('',(1.,-2.42338070083895E-27,1.97215226305253E-31));
#1176=DIRECTION('center_axis',(0.,-1.,0.));
#1177=DIRECTION('ref_axis',(0.707106781186552,-1.03245986042918E-24,0.707106781186543));
#1178=DIRECTION('center_axis',(2.42338070083895E-27,1.,-1.3254525426537E-23));
#1179=DIRECTION('ref_axis',(0.707106781186552,-9.35494872604201E-24,0.707106781186543));
#1180=DIRECTION('center_axis',(-2.42338070083895E-27,-1.,1.3254525426537E-23));
#1181=DIRECTION('ref_axis',(0.707106781186552,9.37065122158683E-24,0.707106781186543));
#1182=DIRECTION('center_axis',(-5.65455496862421E-27,-1.,-2.64351606644838E-23));
#1183=DIRECTION('ref_axis',(-0.707106781186548,0.,-0.707106781186548));
#1184=DIRECTION('',(-5.65455496862421E-27,-1.,-2.64351606644838E-23));
#1185=DIRECTION('center_axis',(2.42338070083895E-27,1.,-2.46300628634154E-26));
#1186=DIRECTION('ref_axis',(-0.707106781186548,0.,-0.707106781186548));
#1187=DIRECTION('',(5.65455496862421E-27,1.,2.64351606644838E-23));
#1188=DIRECTION('',(-5.65455496862421E-27,-1.,-2.64351606644838E-23));
#1189=DIRECTION('center_axis',(-5.91645678915759E-31,-2.64351606644838E-23,
1.));
#1190=DIRECTION('ref_axis',(1.,-2.42338070083895E-27,5.91645678915759E-31));
#1191=DIRECTION('',(-1.,2.42338070083895E-27,-7.88860905221012E-31));
#1192=DIRECTION('center_axis',(1.,-5.65455496862421E-27,3.94430452610506E-31));
#1193=DIRECTION('ref_axis',(3.94430452610506E-31,-1.33000747832546E-23,
-1.));
#1194=DIRECTION('',(5.65455496862421E-27,1.,-1.32804391577114E-23));
#1195=DIRECTION('center_axis',(2.42338070083895E-27,1.,-1.3254525426537E-23));
#1196=DIRECTION('ref_axis',(-5.47382212626882E-47,1.3254525426537E-23,1.));
#1197=DIRECTION('center_axis',(2.42338070083895E-27,1.,-1.3254525426537E-23));
#1198=DIRECTION('ref_axis',(-3.23117426778519E-28,1.3254525426537E-23,1.));
#1199=DIRECTION('center_axis',(2.42338070083895E-27,1.,-1.3254525426537E-23));
#1200=DIRECTION('ref_axis',(-3.23117426778519E-28,1.3254525426537E-23,1.));
#1201=DIRECTION('center_axis',(2.42338070083895E-27,1.,-1.3254525426537E-23));
#1202=DIRECTION('ref_axis',(-3.23117426778519E-28,1.3254525426537E-23,1.));
#1203=DIRECTION('center_axis',(2.42338070083895E-27,1.,-1.3254525426537E-23));
#1204=DIRECTION('ref_axis',(-3.23117426778519E-28,1.3254525426537E-23,1.));
#1205=DIRECTION('center_axis',(2.42338070083895E-27,1.,-1.3254525426537E-23));
#1206=DIRECTION('ref_axis',(-3.23117426778519E-28,1.3254525426537E-23,1.));
#1207=DIRECTION('center_axis',(2.42338070083895E-27,1.,-1.3254525426537E-23));
#1208=DIRECTION('ref_axis',(-3.23117426778519E-28,1.3254525426537E-23,1.));
#1209=DIRECTION('center_axis',(2.42338070083895E-27,1.,-1.3254525426537E-23));
#1210=DIRECTION('ref_axis',(-3.23117426778519E-28,1.3254525426537E-23,1.));
#1211=DIRECTION('center_axis',(2.42338070083895E-27,1.,-1.3254525426537E-23));
#1212=DIRECTION('ref_axis',(-3.23117426778519E-28,1.3254525426537E-23,1.));
#1213=DIRECTION('center_axis',(-2.42338070083895E-27,-1.,2.46300628634154E-26));
#1214=DIRECTION('ref_axis',(1.97215226305253E-31,-2.4630062863415E-26,-1.));
#1215=DIRECTION('center_axis',(2.42338070083895E-27,1.,1.32052653008102E-23));
#1216=DIRECTION('ref_axis',(0.707106781186552,-1.8709897452084E-23,0.707106781186543));
#1217=DIRECTION('',(1.,-3.23117426778526E-27,3.94430452610506E-31));
#1218=DIRECTION('center_axis',(2.42338070083895E-27,1.,1.32052653008102E-23));
#1219=DIRECTION('ref_axis',(-0.707106781186552,-1.8709897452084E-23,0.707106781186543));
#1220=DIRECTION('',(5.91645678915759E-31,3.96650560281574E-23,-1.));
#1221=DIRECTION('center_axis',(-1.61558713389263E-27,-1.,-3.96909697593318E-23));
#1222=DIRECTION('ref_axis',(5.91645678915759E-31,3.96909697593318E-23,-1.));
#1223=DIRECTION('center_axis',(-1.61558713389263E-27,-1.,-3.96909697593318E-23));
#1224=DIRECTION('ref_axis',(5.91645678915759E-31,3.96909697593318E-23,-1.));
#1225=DIRECTION('center_axis',(-1.61558713389263E-27,-1.,-3.96909697593318E-23));
#1226=DIRECTION('ref_axis',(5.91645678915759E-31,3.96909697593318E-23,-1.));
#1227=DIRECTION('center_axis',(-1.61558713389263E-27,-1.,-3.96909697593318E-23));
#1228=DIRECTION('ref_axis',(5.91645678915759E-31,3.96909697593318E-23,-1.));
#1229=DIRECTION('center_axis',(-1.61558713389263E-27,-1.,-3.96909697593318E-23));
#1230=DIRECTION('ref_axis',(5.91645678915759E-31,3.96909697593318E-23,-1.));
#1231=DIRECTION('center_axis',(-1.61558713389263E-27,-1.,-3.96909697593318E-23));
#1232=DIRECTION('ref_axis',(5.91645678915759E-31,3.96909697593318E-23,-1.));
#1233=DIRECTION('center_axis',(-1.61558713389263E-27,-1.,-3.96909697593318E-23));
#1234=DIRECTION('ref_axis',(5.91645678915759E-31,3.96909697593318E-23,-1.));
#1235=DIRECTION('center_axis',(-1.61558713389263E-27,-1.,-3.96909697593318E-23));
#1236=DIRECTION('ref_axis',(5.91645678915759E-31,3.96909697593318E-23,-1.));
#1237=DIRECTION('center_axis',(-1.,5.65455496862421E-27,-3.94430452610506E-31));
#1238=DIRECTION('ref_axis',(-3.94430452610506E-31,1.33000747832546E-23,
1.));
#1239=DIRECTION('',(-3.94430452610506E-31,-2.64351606646292E-23,1.));
#1240=DIRECTION('',(-5.65455496862421E-27,-1.,1.32804391577114E-23));
#1241=DIRECTION('center_axis',(-3.94430452610506E-31,-2.64351606646292E-23,
1.));
#1242=DIRECTION('ref_axis',(4.06652749668224E-12,1.,2.64351606646292E-23));
#1243=DIRECTION('',(3.94430452610506E-31,2.64351606646292E-23,-1.));
#1244=DIRECTION('center_axis',(-2.42338070083895E-27,-1.,1.3254525426537E-23));
#1245=DIRECTION('ref_axis',(0.,0.,-1.));
#1246=DIRECTION('center_axis',(-1.,2.42338070083895E-27,0.));
#1247=DIRECTION('ref_axis',(0.,0.,1.));
#1248=DIRECTION('center_axis',(-2.42338070083895E-27,-1.,1.3254525426537E-23));
#1249=DIRECTION('ref_axis',(-3.23117426778519E-28,0.,1.));
#1250=DIRECTION('center_axis',(-2.42338070083895E-27,-1.,1.3254525426537E-23));
#1251=DIRECTION('ref_axis',(-3.23117426778519E-28,0.,1.));
#1252=DIRECTION('center_axis',(1.61558713389263E-27,1.,2.64610743956582E-23));
#1253=DIRECTION('ref_axis',(-3.94430452610506E-31,-2.64610743956582E-23,
1.));
#1254=DIRECTION('center_axis',(1.61558713389263E-27,1.,2.64610743956582E-23));
#1255=DIRECTION('ref_axis',(-3.94430452610506E-31,-2.64610743956582E-23,
1.));
#1256=DIRECTION('',(1.61558713389263E-27,1.,2.64610743956582E-23));
#1257=DIRECTION('center_axis',(1.61558713389263E-27,1.,2.64610743956582E-23));
#1258=DIRECTION('ref_axis',(-3.94430452610506E-31,-2.64610743956582E-23,
1.));
#1259=DIRECTION('',(1.61558713389263E-27,1.,2.64610743956582E-23));
#1260=DIRECTION('center_axis',(1.61558713389263E-27,1.,2.64610743956582E-23));
#1261=DIRECTION('ref_axis',(-3.94430452610506E-31,-2.64610743956582E-23,
1.));
#1262=DIRECTION('center_axis',(-1.61558713389263E-27,-1.,-2.64610743956582E-23));
#1263=DIRECTION('ref_axis',(3.94430452610506E-31,2.64610743956582E-23,-1.));
#1264=DIRECTION('center_axis',(-1.,5.65455496862421E-27,-3.94430452610506E-31));
#1265=DIRECTION('ref_axis',(-3.94430452610506E-31,1.33000747832546E-23,
1.));
#1266=DIRECTION('',(-5.65455496862421E-27,-1.,1.32804391577114E-23));
#1267=DIRECTION('center_axis',(-5.65455496862421E-27,-1.,1.32804391577114E-23));
#1268=DIRECTION('ref_axis',(0.707106781186552,-9.35494872604201E-24,0.707106781186543));
#1269=DIRECTION('',(-5.65455496862421E-27,-1.,1.32804391577114E-23));
#1270=DIRECTION('center_axis',(-1.97215226305253E-31,1.32804391577114E-23,
1.));
#1271=DIRECTION('ref_axis',(1.,-3.23117426778526E-27,1.97215226305253E-31));
#1272=DIRECTION('',(5.65455496862421E-27,1.,-1.32804391577114E-23));
#1273=DIRECTION('center_axis',(-5.65455496862421E-27,-1.,1.32804391577114E-23));
#1274=DIRECTION('ref_axis',(-0.707106781186552,-9.35494872604201E-24,0.707106781186543));
#1275=DIRECTION('center_axis',(-2.42338070083895E-27,-1.,1.3254525426537E-23));
#1276=DIRECTION('ref_axis',(0.,0.,-1.));
#1277=DIRECTION('center_axis',(-1.,2.42338070083895E-27,0.));
#1278=DIRECTION('ref_axis',(0.,0.,1.));
#1279=DIRECTION('center_axis',(-2.42338070083895E-27,-1.,1.3254525426537E-23));
#1280=DIRECTION('ref_axis',(-3.23117426778519E-28,0.,1.));
#1281=DIRECTION('center_axis',(-2.42338070083895E-27,-1.,1.3254525426537E-23));
#1282=DIRECTION('ref_axis',(-3.23117426778519E-28,0.,1.));
#1283=DIRECTION('center_axis',(1.61558713389263E-27,1.,2.64610743956582E-23));
#1284=DIRECTION('ref_axis',(-3.94430452610506E-31,-2.64610743956582E-23,
1.));
#1285=DIRECTION('center_axis',(1.61558713389263E-27,1.,2.64610743956582E-23));
#1286=DIRECTION('ref_axis',(-3.94430452610506E-31,-2.64610743956582E-23,
1.));
#1287=DIRECTION('',(1.61558713389263E-27,1.,2.64610743956582E-23));
#1288=DIRECTION('center_axis',(1.61558713389263E-27,1.,2.64610743956582E-23));
#1289=DIRECTION('ref_axis',(-3.94430452610506E-31,-2.64610743956582E-23,
1.));
#1290=DIRECTION('',(1.61558713389263E-27,1.,2.64610743956582E-23));
#1291=DIRECTION('center_axis',(1.61558713389263E-27,1.,2.64610743956582E-23));
#1292=DIRECTION('ref_axis',(-3.94430452610506E-31,-2.64610743956582E-23,
1.));
#1293=DIRECTION('center_axis',(-1.61558713389263E-27,-1.,-2.64610743956582E-23));
#1294=DIRECTION('ref_axis',(3.94430452610506E-31,2.64610743956582E-23,-1.));
#1295=DIRECTION('center_axis',(-2.42338070083895E-27,-1.,1.3254525426537E-23));
#1296=DIRECTION('ref_axis',(0.,0.,-1.));
#1297=DIRECTION('center_axis',(-1.,2.42338070083895E-27,0.));
#1298=DIRECTION('ref_axis',(0.,0.,1.));
#1299=DIRECTION('center_axis',(-2.42338070083895E-27,-1.,1.3254525426537E-23));
#1300=DIRECTION('ref_axis',(-3.23117426778519E-28,0.,1.));
#1301=DIRECTION('center_axis',(-2.42338070083895E-27,-1.,1.3254525426537E-23));
#1302=DIRECTION('ref_axis',(-3.23117426778519E-28,0.,1.));
#1303=DIRECTION('center_axis',(1.61558713389263E-27,1.,2.64610743956582E-23));
#1304=DIRECTION('ref_axis',(-3.94430452610506E-31,-2.64610743956582E-23,
1.));
#1305=DIRECTION('center_axis',(1.61558713389263E-27,1.,2.64610743956582E-23));
#1306=DIRECTION('ref_axis',(-3.94430452610506E-31,-2.64610743956582E-23,
1.));
#1307=DIRECTION('',(1.61558713389263E-27,1.,2.64610743956582E-23));
#1308=DIRECTION('center_axis',(1.61558713389263E-27,1.,2.64610743956582E-23));
#1309=DIRECTION('ref_axis',(-3.94430452610506E-31,-2.64610743956582E-23,
1.));
#1310=DIRECTION('',(1.61558713389263E-27,1.,2.64610743956582E-23));
#1311=DIRECTION('center_axis',(1.61558713389263E-27,1.,2.64610743956582E-23));
#1312=DIRECTION('ref_axis',(-3.94430452610506E-31,-2.64610743956582E-23,
1.));
#1313=DIRECTION('center_axis',(-1.61558713389263E-27,-1.,-2.64610743956582E-23));
#1314=DIRECTION('ref_axis',(3.94430452610506E-31,2.64610743956582E-23,-1.));
#1315=DIRECTION('center_axis',(-2.42338070083895E-27,-1.,1.3254525426537E-23));
#1316=DIRECTION('ref_axis',(0.,0.,-1.));
#1317=DIRECTION('center_axis',(-1.,2.42338070083895E-27,0.));
#1318=DIRECTION('ref_axis',(0.,0.,1.));
#1319=DIRECTION('center_axis',(-2.42338070083895E-27,-1.,1.3254525426537E-23));
#1320=DIRECTION('ref_axis',(-3.23117426778519E-28,0.,1.));
#1321=DIRECTION('center_axis',(-2.42338070083895E-27,-1.,1.3254525426537E-23));
#1322=DIRECTION('ref_axis',(-3.23117426778519E-28,0.,1.));
#1323=DIRECTION('center_axis',(1.61558713389263E-27,1.,2.64610743956582E-23));
#1324=DIRECTION('ref_axis',(-3.94430452610506E-31,-2.64610743956582E-23,
1.));
#1325=DIRECTION('center_axis',(1.61558713389263E-27,1.,2.64610743956582E-23));
#1326=DIRECTION('ref_axis',(-3.94430452610506E-31,-2.64610743956582E-23,
1.));
#1327=DIRECTION('',(1.61558713389263E-27,1.,2.64610743956582E-23));
#1328=DIRECTION('center_axis',(1.61558713389263E-27,1.,2.64610743956582E-23));
#1329=DIRECTION('ref_axis',(-3.94430452610506E-31,-2.64610743956582E-23,
1.));
#1330=DIRECTION('',(1.61558713389263E-27,1.,2.64610743956582E-23));
#1331=DIRECTION('center_axis',(1.61558713389263E-27,1.,2.64610743956582E-23));
#1332=DIRECTION('ref_axis',(-3.94430452610506E-31,-2.64610743956582E-23,
1.));
#1333=DIRECTION('center_axis',(-1.61558713389263E-27,-1.,-2.64610743956582E-23));
#1334=DIRECTION('ref_axis',(3.94430452610506E-31,2.64610743956582E-23,-1.));
#1335=DIRECTION('center_axis',(-2.42338070083895E-27,-1.,1.3254525426537E-23));
#1336=DIRECTION('ref_axis',(0.,0.,-1.));
#1337=DIRECTION('center_axis',(-1.,2.42338070083895E-27,0.));
#1338=DIRECTION('ref_axis',(0.,0.,1.));
#1339=DIRECTION('center_axis',(-2.42338070083895E-27,-1.,1.3254525426537E-23));
#1340=DIRECTION('ref_axis',(-3.23117426778519E-28,0.,1.));
#1341=DIRECTION('center_axis',(-2.42338070083895E-27,-1.,1.3254525426537E-23));
#1342=DIRECTION('ref_axis',(-3.23117426778519E-28,0.,1.));
#1343=DIRECTION('center_axis',(1.61558713389263E-27,1.,2.64610743956582E-23));
#1344=DIRECTION('ref_axis',(-3.94430452610506E-31,-2.64610743956582E-23,
1.));
#1345=DIRECTION('center_axis',(1.61558713389263E-27,1.,2.64610743956582E-23));
#1346=DIRECTION('ref_axis',(-3.94430452610506E-31,-2.64610743956582E-23,
1.));
#1347=DIRECTION('',(1.61558713389263E-27,1.,2.64610743956582E-23));
#1348=DIRECTION('center_axis',(1.61558713389263E-27,1.,2.64610743956582E-23));
#1349=DIRECTION('ref_axis',(-3.94430452610506E-31,-2.64610743956582E-23,
1.));
#1350=DIRECTION('',(1.61558713389263E-27,1.,2.64610743956582E-23));
#1351=DIRECTION('center_axis',(1.61558713389263E-27,1.,2.64610743956582E-23));
#1352=DIRECTION('ref_axis',(-3.94430452610506E-31,-2.64610743956582E-23,
1.));
#1353=DIRECTION('center_axis',(-1.61558713389263E-27,-1.,-2.64610743956582E-23));
#1354=DIRECTION('ref_axis',(3.94430452610506E-31,2.64610743956582E-23,-1.));
#1355=DIRECTION('center_axis',(-2.42338070083895E-27,-1.,1.3254525426537E-23));
#1356=DIRECTION('ref_axis',(0.,0.,-1.));
#1357=DIRECTION('center_axis',(-1.,2.42338070083895E-27,0.));
#1358=DIRECTION('ref_axis',(0.,0.,1.));
#1359=DIRECTION('center_axis',(-2.42338070083895E-27,-1.,1.3254525426537E-23));
#1360=DIRECTION('ref_axis',(-3.23117426778519E-28,0.,1.));
#1361=DIRECTION('center_axis',(-2.42338070083895E-27,-1.,1.3254525426537E-23));
#1362=DIRECTION('ref_axis',(-3.23117426778519E-28,0.,1.));
#1363=DIRECTION('center_axis',(1.61558713389263E-27,1.,2.64610743956582E-23));
#1364=DIRECTION('ref_axis',(-3.94430452610506E-31,-2.64610743956582E-23,
1.));
#1365=DIRECTION('center_axis',(1.61558713389263E-27,1.,2.64610743956582E-23));
#1366=DIRECTION('ref_axis',(-3.94430452610506E-31,-2.64610743956582E-23,
1.));
#1367=DIRECTION('',(1.61558713389263E-27,1.,2.64610743956582E-23));
#1368=DIRECTION('center_axis',(1.61558713389263E-27,1.,2.64610743956582E-23));
#1369=DIRECTION('ref_axis',(-3.94430452610506E-31,-2.64610743956582E-23,
1.));
#1370=DIRECTION('',(1.61558713389263E-27,1.,2.64610743956582E-23));
#1371=DIRECTION('center_axis',(1.61558713389263E-27,1.,2.64610743956582E-23));
#1372=DIRECTION('ref_axis',(-3.94430452610506E-31,-2.64610743956582E-23,
1.));
#1373=DIRECTION('center_axis',(-1.61558713389263E-27,-1.,-2.64610743956582E-23));
#1374=DIRECTION('ref_axis',(3.94430452610506E-31,2.64610743956582E-23,-1.));
#1375=DIRECTION('center_axis',(-2.42338070083895E-27,-1.,1.3254525426537E-23));
#1376=DIRECTION('ref_axis',(0.,0.,-1.));
#1377=DIRECTION('center_axis',(-1.,2.42338070083895E-27,0.));
#1378=DIRECTION('ref_axis',(0.,0.,1.));
#1379=DIRECTION('center_axis',(-2.42338070083895E-27,-1.,1.3254525426537E-23));
#1380=DIRECTION('ref_axis',(-3.23117426778519E-28,0.,1.));
#1381=DIRECTION('center_axis',(-2.42338070083895E-27,-1.,1.3254525426537E-23));
#1382=DIRECTION('ref_axis',(-3.23117426778519E-28,0.,1.));
#1383=DIRECTION('center_axis',(1.61558713389263E-27,1.,2.64610743956582E-23));
#1384=DIRECTION('ref_axis',(-3.94430452610506E-31,-2.64610743956582E-23,
1.));
#1385=DIRECTION('center_axis',(1.61558713389263E-27,1.,2.64610743956582E-23));
#1386=DIRECTION('ref_axis',(-3.94430452610506E-31,-2.64610743956582E-23,
1.));
#1387=DIRECTION('',(1.61558713389263E-27,1.,2.64610743956582E-23));
#1388=DIRECTION('center_axis',(1.61558713389263E-27,1.,2.64610743956582E-23));
#1389=DIRECTION('ref_axis',(-3.94430452610506E-31,-2.64610743956582E-23,
1.));
#1390=DIRECTION('',(1.61558713389263E-27,1.,2.64610743956582E-23));
#1391=DIRECTION('center_axis',(1.61558713389263E-27,1.,2.64610743956582E-23));
#1392=DIRECTION('ref_axis',(-3.94430452610506E-31,-2.64610743956582E-23,
1.));
#1393=DIRECTION('center_axis',(-1.61558713389263E-27,-1.,-2.64610743956582E-23));
#1394=DIRECTION('ref_axis',(3.94430452610506E-31,2.64610743956582E-23,-1.));
#1395=DIRECTION('center_axis',(-2.42338070083895E-27,-1.,1.3254525426537E-23));
#1396=DIRECTION('ref_axis',(0.,0.,-1.));
#1397=DIRECTION('center_axis',(-1.,2.42338070083895E-27,0.));
#1398=DIRECTION('ref_axis',(0.,0.,1.));
#1399=DIRECTION('center_axis',(-2.42338070083895E-27,-1.,1.3254525426537E-23));
#1400=DIRECTION('ref_axis',(-3.23117426778519E-28,0.,1.));
#1401=DIRECTION('center_axis',(-2.42338070083895E-27,-1.,1.3254525426537E-23));
#1402=DIRECTION('ref_axis',(-3.23117426778519E-28,0.,1.));
#1403=DIRECTION('center_axis',(1.61558713389263E-27,1.,2.64610743956582E-23));
#1404=DIRECTION('ref_axis',(-3.94430452610506E-31,-2.64610743956582E-23,
1.));
#1405=DIRECTION('center_axis',(1.61558713389263E-27,1.,2.64610743956582E-23));
#1406=DIRECTION('ref_axis',(-3.94430452610506E-31,-2.64610743956582E-23,
1.));
#1407=DIRECTION('',(1.61558713389263E-27,1.,2.64610743956582E-23));
#1408=DIRECTION('center_axis',(1.61558713389263E-27,1.,2.64610743956582E-23));
#1409=DIRECTION('ref_axis',(-3.94430452610506E-31,-2.64610743956582E-23,
1.));
#1410=DIRECTION('',(1.61558713389263E-27,1.,2.64610743956582E-23));
#1411=DIRECTION('center_axis',(1.61558713389263E-27,1.,2.64610743956582E-23));
#1412=DIRECTION('ref_axis',(-3.94430452610506E-31,-2.64610743956582E-23,
1.));
#1413=DIRECTION('center_axis',(-1.61558713389263E-27,-1.,-2.64610743956582E-23));
#1414=DIRECTION('ref_axis',(3.94430452610506E-31,2.64610743956582E-23,-1.));
#1415=CARTESIAN_POINT('',(0.,0.,0.));
#1416=CARTESIAN_POINT('Origin',(-294.4,540.992869249428,-230.49999535812));
#1417=CARTESIAN_POINT('',(-294.195918367347,541.33689059646,-22.5000000000002));
#1418=CARTESIAN_POINT('',(-294.,540.992869249428,-22.5000000000002));
#1419=CARTESIAN_POINT('Origin',(-294.4,540.992869249428,-22.5000000000002));
#1420=CARTESIAN_POINT('',(-294.,540.992869249428,-212.5));
#1421=CARTESIAN_POINT('',(-294.,540.992869249428,-230.49999535812));
#1422=CARTESIAN_POINT('',(-294.195918367347,541.33689059646,-212.5));
#1423=CARTESIAN_POINT('Origin',(-294.4,540.992869249428,-212.5));
#1424=CARTESIAN_POINT('',(-294.195918367347,541.33689059646,-230.49999535812));
#1425=CARTESIAN_POINT('Ctrl Pts',(-294.195918367347,544.863109403539,-212.5));
#1426=CARTESIAN_POINT('Ctrl Pts',(-294.195918367347,544.863109403539,-212.739066152329));
#1427=CARTESIAN_POINT('Ctrl Pts',(-294.258848991821,544.828089166979,-213.055951765798));
#1428=CARTESIAN_POINT('Ctrl Pts',(-294.509008585357,544.648926273986,-213.584785798981));
#1429=CARTESIAN_POINT('Ctrl Pts',(-294.901143140249,544.261540738318,-213.948595397267));
#1430=CARTESIAN_POINT('Ctrl Pts',(-295.215223519092,543.505453386016,-214.05090473953));
#1431=CARTESIAN_POINT('Ctrl Pts',(-295.213862722101,542.826926977057,-214.054961969766));
#1432=CARTESIAN_POINT('Ctrl Pts',(-295.079343137693,542.37850097262,-214.006925309111));
#1433=CARTESIAN_POINT('Ctrl Pts',(-294.967267441136,542.140767127989,-213.949964113714));
#1434=CARTESIAN_POINT('Ctrl Pts',(-294.772723200341,541.805151956517,-213.832593294542));
#1435=CARTESIAN_POINT('Ctrl Pts',(-294.373721816697,541.424927437445,-213.457265312404));
#1436=CARTESIAN_POINT('Ctrl Pts',(-294.195918367347,541.33689059646,-212.818754869772));
#1437=CARTESIAN_POINT('Ctrl Pts',(-294.195918367347,541.33689059646,-212.5));
#1438=CARTESIAN_POINT('Ctrl Pts',(-294.128072491369,544.903357188329,-212.5));
#1439=CARTESIAN_POINT('Ctrl Pts',(-294.128072491369,544.903357188329,-212.752782079811));
#1440=CARTESIAN_POINT('Ctrl Pts',(-294.197392298826,544.867960360952,-213.087766423817));
#1441=CARTESIAN_POINT('Ctrl Pts',(-294.470446939603,544.684808680838,-213.646677221673));
#1442=CARTESIAN_POINT('Ctrl Pts',(-294.891621748349,544.283009862178,-214.033981617708));
#1443=CARTESIAN_POINT('Ctrl Pts',(-295.215483703211,543.508610982654,-214.151979469619));
#1444=CARTESIAN_POINT('Ctrl Pts',(-295.214093418544,542.824231168395,-214.156205617346));
#1445=CARTESIAN_POINT('Ctrl Pts',(-295.075702216193,542.3672012675,-214.101036997785));
#1446=CARTESIAN_POINT('Ctrl Pts',(-294.958500425041,542.123579240549,-214.038242115715));
#1447=CARTESIAN_POINT('Ctrl Pts',(-294.754108049431,541.77811811891,-213.910188827049));
#1448=CARTESIAN_POINT('Ctrl Pts',(-294.324608502656,541.384841787931,-213.511327200838));
#1449=CARTESIAN_POINT('Ctrl Pts',(-294.128072491369,541.29664281167,-212.83704277308));
#1450=CARTESIAN_POINT('Ctrl Pts',(-294.128072491369,541.29664281167,-212.5));
#1451=CARTESIAN_POINT('Ctrl Pts',(-294.031083896925,545.00986547505,-212.5));
#1452=CARTESIAN_POINT('Ctrl Pts',(-294.031083896925,545.00986547505,-212.776700689382));
#1453=CARTESIAN_POINT('Ctrl Pts',(-294.112417862492,544.97255360284,-213.143258735678));
#1454=CARTESIAN_POINT('Ctrl Pts',(-294.430409509009,544.778631724007,-213.754628150657));
#1455=CARTESIAN_POINT('Ctrl Pts',(-294.916355184282,544.351359642746,-214.1827908201));
#1456=CARTESIAN_POINT('Ctrl Pts',(-295.287831054959,543.530579802347,-214.327248621274));
#1457=CARTESIAN_POINT('Ctrl Pts',(-295.286359964413,542.809223726569,-214.331754258698));
#1458=CARTESIAN_POINT('Ctrl Pts',(-295.127517162887,542.325637310746,-214.264584741124));
#1459=CARTESIAN_POINT('Ctrl Pts',(-294.99282047866,542.067396326001,-214.191835033405));
#1460=CARTESIAN_POINT('Ctrl Pts',(-294.757889073107,541.70074438901,-214.045459723022));
#1461=CARTESIAN_POINT('Ctrl Pts',(-294.261834810949,541.282867379089,-213.605666678565));
#1462=CARTESIAN_POINT('Ctrl Pts',(-294.031083896925,541.190134524949,-212.868934252509));
#1463=CARTESIAN_POINT('Ctrl Pts',(-294.031083896925,541.190134524949,-212.5));
#1464=CARTESIAN_POINT('Ctrl Pts',(-294.,545.14796650693,-212.5));
#1465=CARTESIAN_POINT('Ctrl Pts',(-294.,545.14796650693,-212.793597446044));
#1466=CARTESIAN_POINT('Ctrl Pts',(-294.090831742867,545.107476738204,-213.18266012245));
#1467=CARTESIAN_POINT('Ctrl Pts',(-294.449545007254,544.899413644858,-213.831746318113));
#1468=CARTESIAN_POINT('Ctrl Pts',(-295.006736963374,544.447161167264,-214.282154390116));
#1469=CARTESIAN_POINT('Ctrl Pts',(-295.448567635216,543.568391027443,-214.420393661633));
#1470=CARTESIAN_POINT('Ctrl Pts',(-295.446776566297,542.784306475417,-214.425245608102));
#1471=CARTESIAN_POINT('Ctrl Pts',(-295.257489015058,542.264073925445,-214.360714482571));
#1472=CARTESIAN_POINT('Ctrl Pts',(-295.099302942425,541.98771498371,-214.287435051131));
#1473=CARTESIAN_POINT('Ctrl Pts',(-294.824518166727,541.596951107874,-214.13811966536));
#1474=CARTESIAN_POINT('Ctrl Pts',(-294.256932876576,541.153503528653,-213.674463135477));
#1475=CARTESIAN_POINT('Ctrl Pts',(-294.,541.052033493069,-212.891463261391));
#1476=CARTESIAN_POINT('Ctrl Pts',(-294.,541.052033493069,-212.5));
#1477=CARTESIAN_POINT('Ctrl Pts',(-294.,545.207130750571,-212.5));
#1478=CARTESIAN_POINT('Ctrl Pts',(-294.,545.207130750571,-212.798832690413));
#1479=CARTESIAN_POINT('Ctrl Pts',(-294.094012213391,545.165277297121,-213.194939707249));
#1480=CARTESIAN_POINT('Ctrl Pts',(-294.46772624032,544.951155790862,-213.855982248727));
#1481=CARTESIAN_POINT('Ctrl Pts',(-295.053537008298,544.4881828336,-214.310744246584));
#1482=CARTESIAN_POINT('Ctrl Pts',(-295.522742452302,543.584566241824,-214.438630924413));
#1483=CARTESIAN_POINT('Ctrl Pts',(-295.520709554358,542.773644435995,-214.443702462209));
#1484=CARTESIAN_POINT('Ctrl Pts',(-295.319750419114,542.237720674594,-214.383656636389));
#1485=CARTESIAN_POINT('Ctrl Pts',(-295.152320262672,541.953599738328,-214.312455142143));
#1486=CARTESIAN_POINT('Ctrl Pts',(-294.86169014685,541.55249867974,-214.165741618179));
#1487=CARTESIAN_POINT('Ctrl Pts',(-294.265621006651,541.098084010606,-213.696581640504));
#1488=CARTESIAN_POINT('Ctrl Pts',(-294.,540.992869249428,-212.898443587217));
#1489=CARTESIAN_POINT('Ctrl Pts',(-294.,540.992869249428,-212.5));
#1490=CARTESIAN_POINT('',(-294.,545.207130750571,-212.5));
#1491=CARTESIAN_POINT('Ctrl Pts',(-294.,540.992869249428,-212.5));
#1492=CARTESIAN_POINT('Ctrl Pts',(-294.,540.992869249428,-212.898443587217));
#1493=CARTESIAN_POINT('Ctrl Pts',(-294.265621006651,541.098084010606,-213.696581640504));
#1494=CARTESIAN_POINT('Ctrl Pts',(-294.86169014685,541.55249867974,-214.165741618179));
#1495=CARTESIAN_POINT('Ctrl Pts',(-295.152320262672,541.953599738328,-214.312455142143));
#1496=CARTESIAN_POINT('Ctrl Pts',(-295.319750419114,542.237720674594,-214.383656636389));
#1497=CARTESIAN_POINT('Ctrl Pts',(-295.520709554358,542.773644435995,-214.443702462209));
#1498=CARTESIAN_POINT('Ctrl Pts',(-295.522742452302,543.584566241824,-214.438630924413));
#1499=CARTESIAN_POINT('Ctrl Pts',(-295.053537008298,544.4881828336,-214.310744246584));
#1500=CARTESIAN_POINT('Ctrl Pts',(-294.46772624032,544.951155790862,-213.855982248727));
#1501=CARTESIAN_POINT('Ctrl Pts',(-294.094012213391,545.165277297121,-213.194939707249));
#1502=CARTESIAN_POINT('Ctrl Pts',(-294.,545.207130750571,-212.798832690413));
#1503=CARTESIAN_POINT('Ctrl Pts',(-294.,545.207130750571,-212.5));
#1504=CARTESIAN_POINT('',(-294.195918367347,544.863109403539,-212.5));
#1505=CARTESIAN_POINT('Origin',(-294.4,545.207130750571,-212.5));
#1506=CARTESIAN_POINT('Ctrl Pts',(-294.195918367347,544.863109403539,-212.5));
#1507=CARTESIAN_POINT('Ctrl Pts',(-294.195918367347,544.863109403539,-212.739066152329));
#1508=CARTESIAN_POINT('Ctrl Pts',(-294.258848991821,544.828089166979,-213.055951765798));
#1509=CARTESIAN_POINT('Ctrl Pts',(-294.509008585357,544.648926273986,-213.584785798981));
#1510=CARTESIAN_POINT('Ctrl Pts',(-294.901143140249,544.261540738318,-213.948595397267));
#1511=CARTESIAN_POINT('Ctrl Pts',(-295.215223519092,543.505453386016,-214.05090473953));
#1512=CARTESIAN_POINT('Ctrl Pts',(-295.213862722101,542.826926977057,-214.054961969766));
#1513=CARTESIAN_POINT('Ctrl Pts',(-295.079343137693,542.37850097262,-214.006925309111));
#1514=CARTESIAN_POINT('Ctrl Pts',(-294.967267441136,542.140767127989,-213.949964113714));
#1515=CARTESIAN_POINT('Ctrl Pts',(-294.772723200341,541.805151956517,-213.832593294542));
#1516=CARTESIAN_POINT('Ctrl Pts',(-294.373721816697,541.424927437445,-213.457265312404));
#1517=CARTESIAN_POINT('Ctrl Pts',(-294.195918367347,541.33689059646,-212.818754869772));
#1518=CARTESIAN_POINT('Ctrl Pts',(-294.195918367347,541.33689059646,-212.5));
#1519=CARTESIAN_POINT('Origin',(-294.4,545.207130750571,-230.49999535812));
#1520=CARTESIAN_POINT('',(-294.,545.207130750571,-22.5000000000002));
#1521=CARTESIAN_POINT('',(-294.195918367347,544.863109403539,-22.5000000000002));
#1522=CARTESIAN_POINT('Origin',(-294.4,545.207130750571,-22.5000000000002));
#1523=CARTESIAN_POINT('',(-294.195918367347,544.863109403539,-230.49999535812));
#1524=CARTESIAN_POINT('',(-294.,545.207130750571,-230.49999535812));
#1525=CARTESIAN_POINT('Ctrl Pts',(-294.195918367347,541.33689059646,-22.5000000000003));
#1526=CARTESIAN_POINT('Ctrl Pts',(-294.195918367347,541.33689059646,-22.260933847671));
#1527=CARTESIAN_POINT('Ctrl Pts',(-294.258844284565,541.371903978927,-21.944038984899));
#1528=CARTESIAN_POINT('Ctrl Pts',(-294.509024197964,541.55108704589,-21.4151851148672));
#1529=CARTESIAN_POINT('Ctrl Pts',(-294.901125332965,541.938434015883,-21.0514056018423));
#1530=CARTESIAN_POINT('Ctrl Pts',(-295.21521852331,542.694542738255,-20.9490784389439));
#1531=CARTESIAN_POINT('Ctrl Pts',(-295.213851209804,543.373054115102,-20.9450256155805));
#1532=CARTESIAN_POINT('Ctrl Pts',(-295.07933114742,543.821489953669,-20.9930605784277));
#1533=CARTESIAN_POINT('Ctrl Pts',(-294.967257616487,544.059215484031,-21.050022819064));
#1534=CARTESIAN_POINT('Ctrl Pts',(-294.772721032742,544.394831474288,-21.1673810072903));
#1535=CARTESIAN_POINT('Ctrl Pts',(-294.373691583751,544.775079352867,-21.5427726535725));
#1536=CARTESIAN_POINT('Ctrl Pts',(-294.195918367347,544.863109403539,-22.1812451302279));
#1537=CARTESIAN_POINT('Ctrl Pts',(-294.195918367347,544.863109403539,-22.5000000000002));
#1538=CARTESIAN_POINT('Ctrl Pts',(-294.128072491369,541.29664281167,-22.5000000000003));
#1539=CARTESIAN_POINT('Ctrl Pts',(-294.128072491369,541.29664281167,-22.2472179201899));
#1540=CARTESIAN_POINT('Ctrl Pts',(-294.197387693378,541.332032083003,-21.9122240641087));
#1541=CARTESIAN_POINT('Ctrl Pts',(-294.470464491381,541.515204276587,-21.3532923185529));
#1542=CARTESIAN_POINT('Ctrl Pts',(-294.891604092809,541.916962626445,-20.9660203055131));
#1543=CARTESIAN_POINT('Ctrl Pts',(-295.215479949362,542.69138336817,-20.8480035112644));
#1544=CARTESIAN_POINT('Ctrl Pts',(-295.214082775059,543.375747648449,-20.8437820780737));
#1545=CARTESIAN_POINT('Ctrl Pts',(-295.075690928903,543.832787887201,-20.8989488661111));
#1546=CARTESIAN_POINT('Ctrl Pts',(-294.958491289891,544.076401408845,-20.9617447470879));
#1547=CARTESIAN_POINT('Ctrl Pts',(-294.75410693895,544.421863710003,-21.0897845525634));
#1548=CARTESIAN_POINT('Ctrl Pts',(-294.324576271321,544.815164264575,-21.4887132651857));
#1549=CARTESIAN_POINT('Ctrl Pts',(-294.128072491369,544.903357188329,-22.1629572269198));
#1550=CARTESIAN_POINT('Ctrl Pts',(-294.128072491369,544.903357188329,-22.5000000000002));
#1551=CARTESIAN_POINT('Ctrl Pts',(-294.03108365426,541.190134645161,-22.5000000000003));
#1552=CARTESIAN_POINT('Ctrl Pts',(-294.03108365426,541.190134645161,-22.2232993106192));
#1553=CARTESIAN_POINT('Ctrl Pts',(-294.112411462101,541.227438393347,-21.8567302284845));
#1554=CARTESIAN_POINT('Ctrl Pts',(-294.430428155789,541.421381940274,-21.2453373006329));
#1555=CARTESIAN_POINT('Ctrl Pts',(-294.916331545907,541.848610929738,-20.8172092837004));
#1556=CARTESIAN_POINT('Ctrl Pts',(-295.2878229416,542.669413550319,-20.672730152607));
#1557=CARTESIAN_POINT('Ctrl Pts',(-295.28634315316,543.390752605342,-20.6682290776321));
#1558=CARTESIAN_POINT('Ctrl Pts',(-295.127500130463,543.874350004672,-20.7353970005169));
#1559=CARTESIAN_POINT('Ctrl Pts',(-294.992805925534,544.132581946371,-20.8081476594146));
#1560=CARTESIAN_POINT('Ctrl Pts',(-294.757884680834,544.499235323363,-20.9545088328371));
#1561=CARTESIAN_POINT('Ctrl Pts',(-294.261795083128,544.917138177408,-21.3943758183097));
#1562=CARTESIAN_POINT('Ctrl Pts',(-294.03108365426,545.009865354838,-22.1310657474922));
#1563=CARTESIAN_POINT('Ctrl Pts',(-294.03108365426,545.009865354838,-22.5000000000002));
#1564=CARTESIAN_POINT('Ctrl Pts',(-294.,541.052033493069,-22.5000000000003));
#1565=CARTESIAN_POINT('Ctrl Pts',(-294.,541.052033493069,-22.2064025539575));
#1566=CARTESIAN_POINT('Ctrl Pts',(-294.090824855774,541.092515102322,-21.8173286747058));
#1567=CARTESIAN_POINT('Ctrl Pts',(-294.449566917864,541.30060157868,-21.1682180364611));
#1568=CARTESIAN_POINT('Ctrl Pts',(-295.006710909624,541.752808884651,-20.7178473456945));
#1569=CARTESIAN_POINT('Ctrl Pts',(-295.448559690926,542.631603727673,-20.5795859802531));
#1570=CARTESIAN_POINT('Ctrl Pts',(-295.446759111194,543.415670587322,-20.5747393952576));
#1571=CARTESIAN_POINT('Ctrl Pts',(-295.257471030937,543.935914659038,-20.6392684751913));
#1572=CARTESIAN_POINT('Ctrl Pts',(-295.099287979481,544.21226393193,-20.7125490585905));
#1573=CARTESIAN_POINT('Ctrl Pts',(-294.824514382943,544.603028934136,-20.8618489190358));
#1574=CARTESIAN_POINT('Ctrl Pts',(-294.256889028188,545.046503819773,-21.3255834956441));
#1575=CARTESIAN_POINT('Ctrl Pts',(-294.,545.14796650693,-22.10853673861));
#1576=CARTESIAN_POINT('Ctrl Pts',(-294.,545.14796650693,-22.5000000000002));
#1577=CARTESIAN_POINT('Ctrl Pts',(-294.,540.992869249428,-22.5000000000003));
#1578=CARTESIAN_POINT('Ctrl Pts',(-294.,540.992869249428,-22.2011673095886));
#1579=CARTESIAN_POINT('Ctrl Pts',(-294.094005181209,541.0347145114,-21.8050487311236));
#1580=CARTESIAN_POINT('Ctrl Pts',(-294.467749564032,541.248860128015,-21.143981393584));
#1581=CARTESIAN_POINT('Ctrl Pts',(-295.053510405953,541.711786994592,-20.6892570023027));
#1582=CARTESIAN_POINT('Ctrl Pts',(-295.522734989091,542.615429126207,-20.5613480486799));
#1583=CARTESIAN_POINT('Ctrl Pts',(-295.52069235611,543.426332966829,-20.5562820194756));
#1584=CARTESIAN_POINT('Ctrl Pts',(-295.319732506816,543.962268481214,-20.6163257230346));
#1585=CARTESIAN_POINT('Ctrl Pts',(-295.152305585606,544.246379480915,-20.68752852383));
#1586=CARTESIAN_POINT('Ctrl Pts',(-294.861686908669,544.647481518052,-20.8342262591129));
#1587=CARTESIAN_POINT('Ctrl Pts',(-294.265575841578,545.101924104646,-21.3034658169654));
#1588=CARTESIAN_POINT('Ctrl Pts',(-294.,545.207130750571,-22.1015564127848));
#1589=CARTESIAN_POINT('Ctrl Pts',(-294.,545.207130750571,-22.5000000000002));
#1590=CARTESIAN_POINT('Ctrl Pts',(-294.,545.207130750571,-22.5000000000002));
#1591=CARTESIAN_POINT('Ctrl Pts',(-294.,545.207130750571,-22.1015564127848));
#1592=CARTESIAN_POINT('Ctrl Pts',(-294.265575841578,545.101924104646,-21.3034658169654));
#1593=CARTESIAN_POINT('Ctrl Pts',(-294.861686908669,544.647481518052,-20.8342262591129));
#1594=CARTESIAN_POINT('Ctrl Pts',(-295.152305585606,544.246379480915,-20.68752852383));
#1595=CARTESIAN_POINT('Ctrl Pts',(-295.319732506816,543.962268481214,-20.6163257230346));
#1596=CARTESIAN_POINT('Ctrl Pts',(-295.52069235611,543.426332966829,-20.5562820194756));
#1597=CARTESIAN_POINT('Ctrl Pts',(-295.522734989091,542.615429126207,-20.5613480486799));
#1598=CARTESIAN_POINT('Ctrl Pts',(-295.053510405953,541.711786994592,-20.6892570023027));
#1599=CARTESIAN_POINT('Ctrl Pts',(-294.467749564032,541.248860128015,-21.143981393584));
#1600=CARTESIAN_POINT('Ctrl Pts',(-294.094005181209,541.0347145114,-21.8050487311236));
#1601=CARTESIAN_POINT('Ctrl Pts',(-294.,540.992869249428,-22.2011673095886));
#1602=CARTESIAN_POINT('Ctrl Pts',(-294.,540.992869249428,-22.5000000000003));
#1603=CARTESIAN_POINT('Ctrl Pts',(-294.195918367347,541.33689059646,-22.5000000000003));
#1604=CARTESIAN_POINT('Ctrl Pts',(-294.195918367347,541.33689059646,-22.260933847671));
#1605=CARTESIAN_POINT('Ctrl Pts',(-294.258844284565,541.371903978927,-21.944038984899));
#1606=CARTESIAN_POINT('Ctrl Pts',(-294.509024197964,541.55108704589,-21.4151851148672));
#1607=CARTESIAN_POINT('Ctrl Pts',(-294.901125332965,541.938434015883,-21.0514056018423));
#1608=CARTESIAN_POINT('Ctrl Pts',(-295.21521852331,542.694542738255,-20.9490784389439));
#1609=CARTESIAN_POINT('Ctrl Pts',(-295.213851209804,543.373054115102,-20.9450256155805));
#1610=CARTESIAN_POINT('Ctrl Pts',(-295.07933114742,543.821489953669,-20.9930605784277));
#1611=CARTESIAN_POINT('Ctrl Pts',(-294.967257616487,544.059215484031,-21.050022819064));
#1612=CARTESIAN_POINT('Ctrl Pts',(-294.772721032742,544.394831474288,-21.1673810072903));
#1613=CARTESIAN_POINT('Ctrl Pts',(-294.373691583751,544.775079352867,-21.5427726535725));
#1614=CARTESIAN_POINT('Ctrl Pts',(-294.195918367347,544.863109403539,-22.1812451302279));
#1615=CARTESIAN_POINT('Ctrl Pts',(-294.195918367347,544.863109403539,-22.5000000000002));
#1616=CARTESIAN_POINT('Origin',(-296.,542.78568712035,-212.5));
#1617=CARTESIAN_POINT('',(-294.,538.499999999997,-212.5));
#1618=CARTESIAN_POINT('',(-294.,542.78568712035,-212.5));
#1619=CARTESIAN_POINT('',(-296.,538.499999999997,-214.5));
#1620=CARTESIAN_POINT('Origin',(-296.,538.499999999998,-212.5));
#1621=CARTESIAN_POINT('',(-296.,546.099999999998,-214.5));
#1622=CARTESIAN_POINT('',(-296.,542.78568712035,-214.5));
#1623=CARTESIAN_POINT('',(-294.,546.099999999997,-212.5));
#1624=CARTESIAN_POINT('Origin',(-296.,546.099999999998,-212.5));
#1625=CARTESIAN_POINT('',(-294.,542.78568712035,-212.5));
#1626=CARTESIAN_POINT('Origin',(-294.,545.609999999997,-235.));
#1627=CARTESIAN_POINT('',(-294.,538.499999999997,-22.5000000000002));
#1628=CARTESIAN_POINT('',(-294.,545.182715861933,-22.5000000000002));
#1629=CARTESIAN_POINT('',(-294.,538.499999999997,-235.));
#1630=CARTESIAN_POINT('Origin',(-293.150000000001,543.099999999999,-230.49999535812));
#1631=CARTESIAN_POINT('Origin',(-294.2,546.299999999997,-232.5));
#1632=CARTESIAN_POINT('',(-294.4,546.499999999997,-212.5));
#1633=CARTESIAN_POINT('',(-294.,546.099999999997,-212.5));
#1634=CARTESIAN_POINT('',(-294.4,546.499999999997,-22.5000000000002));
#1635=CARTESIAN_POINT('',(-294.4,546.499999999997,-232.5));
#1636=CARTESIAN_POINT('',(-294.,546.099999999997,-22.5000000000002));
#1637=CARTESIAN_POINT('',(-294.4,546.499999999997,-22.5000000000002));
#1638=CARTESIAN_POINT('',(-294.,546.099999999997,-232.5));
#1639=CARTESIAN_POINT('Origin',(-296.,546.299999999998,-212.5));
#1640=CARTESIAN_POINT('',(-296.,546.499999999997,-214.1));
#1641=CARTESIAN_POINT('',(-296.,546.099999999998,-214.5));
#1642=CARTESIAN_POINT('Origin',(-296.,546.499999999997,-212.5));
#1643=CARTESIAN_POINT('Origin',(-286.837515639628,546.299999999997,-214.3));
#1644=CARTESIAN_POINT('',(-304.,546.099999999997,-214.5));
#1645=CARTESIAN_POINT('',(-304.,546.499999999997,-214.1));
#1646=CARTESIAN_POINT('',(-304.,546.099999999997,-214.5));
#1647=CARTESIAN_POINT('',(-286.837515639628,546.499999999997,-214.1));
#1648=CARTESIAN_POINT('',(-286.837515639628,546.099999999997,-214.5));
#1649=CARTESIAN_POINT('Origin',(-304.,546.299999999998,-212.5));
#1650=CARTESIAN_POINT('',(-306.,546.099999999998,-212.5));
#1651=CARTESIAN_POINT('Origin',(-304.,546.099999999998,-212.5));
#1652=CARTESIAN_POINT('',(-305.6,546.499999999997,-212.5));
#1653=CARTESIAN_POINT('',(-306.,546.099999999998,-212.5));
#1654=CARTESIAN_POINT('Origin',(-304.,546.499999999997,-212.5));
#1655=CARTESIAN_POINT('Origin',(-305.8,546.299999999997,-232.5));
#1656=CARTESIAN_POINT('',(-306.,546.099999999997,-22.5000000000002));
#1657=CARTESIAN_POINT('',(-306.,546.099999999997,-232.5));
#1658=CARTESIAN_POINT('',(-305.6,546.499999999997,-22.5000000000002));
#1659=CARTESIAN_POINT('',(-306.,546.099999999997,-22.5000000000002));
#1660=CARTESIAN_POINT('',(-305.6,546.499999999997,-232.5));
#1661=CARTESIAN_POINT('Origin',(-304.,546.299999999998,-22.5000000000002));
#1662=CARTESIAN_POINT('',(-304.,546.099999999998,-20.5000000000002));
#1663=CARTESIAN_POINT('Origin',(-304.,546.099999999998,-22.5000000000002));
#1664=CARTESIAN_POINT('',(-304.,546.499999999997,-20.9000000000002));
#1665=CARTESIAN_POINT('',(-304.,546.099999999998,-20.5000000000002));
#1666=CARTESIAN_POINT('Origin',(-304.,546.499999999997,-22.5000000000002));
#1667=CARTESIAN_POINT('Origin',(-295.415951029103,546.299999999997,-20.7000000000002));
#1668=CARTESIAN_POINT('',(-296.,546.099999999997,-20.5000000000002));
#1669=CARTESIAN_POINT('',(-296.,546.499999999997,-20.9000000000002));
#1670=CARTESIAN_POINT('',(-296.,546.099999999997,-20.5000000000002));
#1671=CARTESIAN_POINT('',(-295.415951029103,546.499999999997,-20.9000000000002));
#1672=CARTESIAN_POINT('',(-295.415951029103,546.099999999997,-20.5000000000002));
#1673=CARTESIAN_POINT('Origin',(-296.,546.299999999998,-22.5000000000002));
#1674=CARTESIAN_POINT('Origin',(-296.,546.099999999998,-22.5000000000002));
#1675=CARTESIAN_POINT('Origin',(-296.,546.499999999997,-22.5000000000002));
#1676=CARTESIAN_POINT('Origin',(-304.,541.860687120351,-212.5));
#1677=CARTESIAN_POINT('',(-304.,538.499999999997,-214.5));
#1678=CARTESIAN_POINT('',(-304.,541.860687120351,-214.5));
#1679=CARTESIAN_POINT('',(-306.,538.499999999997,-212.5));
#1680=CARTESIAN_POINT('Origin',(-304.,538.499999999998,-212.5));
#1681=CARTESIAN_POINT('',(-306.000000000002,541.234524189382,-212.5));
#1682=CARTESIAN_POINT('',(-306.,541.860687120351,-212.5));
#1683=CARTESIAN_POINT('',(-306.000000000002,544.965475810617,-212.5));
#1684=CARTESIAN_POINT('Ctrl Pts',(-306.,544.965475810616,-212.5));
#1685=CARTESIAN_POINT('Ctrl Pts',(-306.,544.965475810616,-212.739741182346));
#1686=CARTESIAN_POINT('Ctrl Pts',(-305.953598743093,544.946460280189,-212.994563242111));
#1687=CARTESIAN_POINT('Ctrl Pts',(-305.774330396941,544.84811014248,-213.455452042964));
#1688=CARTESIAN_POINT('Ctrl Pts',(-305.641732500411,544.766004977517,-213.6610279404));
#1689=CARTESIAN_POINT('Ctrl Pts',(-305.384300139112,544.542110970394,-213.955030987681));
#1690=CARTESIAN_POINT('Ctrl Pts',(-305.235640204447,544.378804532432,-214.07799117928));
#1691=CARTESIAN_POINT('Ctrl Pts',(-305.031633522174,544.063238904037,-214.217403965548));
#1692=CARTESIAN_POINT('Ctrl Pts',(-304.944245552843,543.881870411345,-214.26424991805));
#1693=CARTESIAN_POINT('Ctrl Pts',(-304.828370906319,543.495269564669,-214.321531850094));
#1694=CARTESIAN_POINT('Ctrl Pts',(-304.800000000002,543.290160680526,-214.333030277982));
#1695=CARTESIAN_POINT('Ctrl Pts',(-304.800000000002,542.909839319473,-214.333030277982));
#1696=CARTESIAN_POINT('Ctrl Pts',(-304.828370906319,542.70473043533,-214.321531850094));
#1697=CARTESIAN_POINT('Ctrl Pts',(-304.944245552843,542.318129588654,-214.26424991805));
#1698=CARTESIAN_POINT('Ctrl Pts',(-305.031633522174,542.136761095962,-214.217403965548));
#1699=CARTESIAN_POINT('Ctrl Pts',(-305.235640204447,541.821195467567,-214.07799117928));
#1700=CARTESIAN_POINT('Ctrl Pts',(-305.384300139112,541.657889029605,-213.955030987681));
#1701=CARTESIAN_POINT('Ctrl Pts',(-305.641732500411,541.433995022482,-213.6610279404));
#1702=CARTESIAN_POINT('Ctrl Pts',(-305.774330396941,541.351889857519,-213.455452042964));
#1703=CARTESIAN_POINT('Ctrl Pts',(-305.953598743093,541.25353971981,-212.994563242111));
#1704=CARTESIAN_POINT('Ctrl Pts',(-306.,541.234524189382,-212.739741182346));
#1705=CARTESIAN_POINT('Ctrl Pts',(-306.,541.234524189382,-212.5));
#1706=CARTESIAN_POINT('',(-306.,541.860687120351,-212.5));
#1707=CARTESIAN_POINT('Origin',(-277.875031279256,539.961374240703,-214.5));
#1708=CARTESIAN_POINT('',(-304.2,538.499999999997,-214.5));
#1709=CARTESIAN_POINT('Origin',(-294.,545.609999999997,-235.));
#1710=CARTESIAN_POINT('',(-294.,545.182715861933,-22.5000000000002));
#1711=CARTESIAN_POINT('Origin',(-295.8,546.499999999997,-230.));
#1712=CARTESIAN_POINT('',(-300.,546.499999999997,-201.6));
#1713=CARTESIAN_POINT('Origin',(-300.,546.499999999997,-205.));
#1714=CARTESIAN_POINT('',(-300.,546.499999999997,-176.6));
#1715=CARTESIAN_POINT('Origin',(-300.,546.499999999997,-180.));
#1716=CARTESIAN_POINT('',(-300.,546.499999999997,-151.6));
#1717=CARTESIAN_POINT('Origin',(-300.,546.499999999997,-155.));
#1718=CARTESIAN_POINT('',(-300.,546.499999999997,-126.6));
#1719=CARTESIAN_POINT('Origin',(-300.,546.499999999997,-130.));
#1720=CARTESIAN_POINT('',(-300.,546.499999999997,-101.6));
#1721=CARTESIAN_POINT('Origin',(-300.,546.499999999997,-105.));
#1722=CARTESIAN_POINT('',(-300.,546.499999999997,-76.6000000000004));
#1723=CARTESIAN_POINT('Origin',(-300.,546.499999999997,-80.0000000000004));
#1724=CARTESIAN_POINT('',(-300.,546.499999999997,-51.6000000000004));
#1725=CARTESIAN_POINT('Origin',(-300.,546.499999999997,-55.0000000000004));
#1726=CARTESIAN_POINT('',(-300.,546.499999999997,-26.6000000000004));
#1727=CARTESIAN_POINT('Origin',(-300.,546.499999999997,-30.0000000000004));
#1728=CARTESIAN_POINT('Origin',(-304.2,538.499999999998,-230.));
#1729=CARTESIAN_POINT('',(-296.,538.499999999997,-20.5000000000002));
#1730=CARTESIAN_POINT('Origin',(-296.,538.499999999998,-22.5000000000002));
#1731=CARTESIAN_POINT('',(-304.,538.499999999997,-20.5000000000002));
#1732=CARTESIAN_POINT('',(-304.2,538.499999999997,-20.5000000000002));
#1733=CARTESIAN_POINT('',(-306.,538.499999999997,-22.5000000000002));
#1734=CARTESIAN_POINT('Origin',(-304.,538.499999999998,-22.5000000000002));
#1735=CARTESIAN_POINT('',(-306.,538.499999999997,-235.));
#1736=CARTESIAN_POINT('',(-300.,538.499999999998,-206.75));
#1737=CARTESIAN_POINT('Origin',(-300.,538.499999999998,-205.));
#1738=CARTESIAN_POINT('',(-300.,538.499999999998,-181.75));
#1739=CARTESIAN_POINT('Origin',(-300.,538.499999999998,-180.));
#1740=CARTESIAN_POINT('',(-300.,538.499999999998,-156.75));
#1741=CARTESIAN_POINT('Origin',(-300.,538.499999999998,-155.));
#1742=CARTESIAN_POINT('',(-300.,538.499999999998,-131.75));
#1743=CARTESIAN_POINT('Origin',(-300.,538.499999999998,-130.));
#1744=CARTESIAN_POINT('',(-300.,538.499999999998,-106.75));
#1745=CARTESIAN_POINT('Origin',(-300.,538.499999999998,-105.));
#1746=CARTESIAN_POINT('',(-300.,538.499999999998,-81.7500000000004));
#1747=CARTESIAN_POINT('Origin',(-300.,538.499999999998,-80.0000000000003));
#1748=CARTESIAN_POINT('',(-300.,538.499999999998,-56.7500000000004));
#1749=CARTESIAN_POINT('Origin',(-300.,538.499999999998,-55.0000000000003));
#1750=CARTESIAN_POINT('',(-300.,538.499999999998,-31.7500000000004));
#1751=CARTESIAN_POINT('Origin',(-300.,538.499999999998,-30.0000000000003));
#1752=CARTESIAN_POINT('Origin',(-306.,543.759999999998,-235.));
#1753=CARTESIAN_POINT('',(-306.000000000002,544.965475810617,-22.5000000000002));
#1754=CARTESIAN_POINT('',(-306.000000000002,544.965475810617,-230.49999535812));
#1755=CARTESIAN_POINT('',(-306.,544.257715861933,-22.5000000000002));
#1756=CARTESIAN_POINT('Origin',(-306.850000000002,543.099999999999,-230.49999535812));
#1757=CARTESIAN_POINT('',(-306.000000000002,541.234524189382,-22.5000000000002));
#1758=CARTESIAN_POINT('',(-306.000000000002,541.234524189382,-230.49999535812));
#1759=CARTESIAN_POINT('Ctrl Pts',(-306.,541.234524189382,-22.4999999999962));
#1760=CARTESIAN_POINT('Ctrl Pts',(-306.,541.234524189383,-22.2602588176506));
#1761=CARTESIAN_POINT('Ctrl Pts',(-305.953598743093,541.25353971981,-22.0054367578898));
#1762=CARTESIAN_POINT('Ctrl Pts',(-305.774330396941,541.351889857519,-21.5445479570369));
#1763=CARTESIAN_POINT('Ctrl Pts',(-305.641732500411,541.433995022482,-21.3389720596007));
#1764=CARTESIAN_POINT('Ctrl Pts',(-305.384300139112,541.657889029605,-21.0449690123198));
#1765=CARTESIAN_POINT('Ctrl Pts',(-305.235640204447,541.821195467567,-20.92200882072));
#1766=CARTESIAN_POINT('Ctrl Pts',(-305.031633522174,542.136761095962,-20.7825960344522));
#1767=CARTESIAN_POINT('Ctrl Pts',(-304.944245552843,542.318129588654,-20.7357500819509));
#1768=CARTESIAN_POINT('Ctrl Pts',(-304.828370906319,542.70473043533,-20.6784681499065));
#1769=CARTESIAN_POINT('Ctrl Pts',(-304.800000000002,542.909839319473,-20.6669697220186));
#1770=CARTESIAN_POINT('Ctrl Pts',(-304.800000000002,543.290160680526,-20.6669697220186));
#1771=CARTESIAN_POINT('Ctrl Pts',(-304.828370906319,543.495269564669,-20.6784681499065));
#1772=CARTESIAN_POINT('Ctrl Pts',(-304.944245552843,543.881870411345,-20.7357500819508));
#1773=CARTESIAN_POINT('Ctrl Pts',(-305.031633522174,544.063238904037,-20.7825960344522));
#1774=CARTESIAN_POINT('Ctrl Pts',(-305.235640204447,544.378804532432,-20.9220088207201));
#1775=CARTESIAN_POINT('Ctrl Pts',(-305.384300139112,544.542110970394,-21.0449690123198));
#1776=CARTESIAN_POINT('Ctrl Pts',(-305.641732500411,544.766004977517,-21.3389720596007));
#1777=CARTESIAN_POINT('Ctrl Pts',(-305.774330396941,544.84811014248,-21.5445479570369));
#1778=CARTESIAN_POINT('Ctrl Pts',(-305.953598743093,544.946460280189,-22.0054367578898));
#1779=CARTESIAN_POINT('Ctrl Pts',(-306.,544.965475810616,-22.2602588176546));
#1780=CARTESIAN_POINT('Ctrl Pts',(-306.,544.965475810616,-22.5000000000002));
#1781=CARTESIAN_POINT('Origin',(-300.,546.099999999998,-205.));
#1782=CARTESIAN_POINT('',(-300.,546.099999999998,-202.));
#1783=CARTESIAN_POINT('Origin',(-300.,546.099999999998,-201.6));
#1784=CARTESIAN_POINT('',(-300.,546.099999999998,-208.));
#1785=CARTESIAN_POINT('Origin',(-300.,546.099999999998,-205.));
#1786=CARTESIAN_POINT('Origin',(-300.,546.099999999998,-205.));
#1787=CARTESIAN_POINT('Origin',(-300.,546.499999999997,-205.));
#1788=CARTESIAN_POINT('',(-300.,542.999999999997,-208.));
#1789=CARTESIAN_POINT('Origin',(-300.,542.999999999997,-205.));
#1790=CARTESIAN_POINT('',(-300.,546.499999999997,-208.));
#1791=CARTESIAN_POINT('Origin',(-300.,546.499999999997,-205.));
#1792=CARTESIAN_POINT('',(-300.,542.999999999997,-206.75));
#1793=CARTESIAN_POINT('',(-300.,546.499999999997,-206.75));
#1794=CARTESIAN_POINT('Origin',(-300.,542.999999999997,-205.));
#1795=CARTESIAN_POINT('Origin',(-298.25,542.999999999997,-205.));
#1796=CARTESIAN_POINT('Origin',(-306.,543.759999999998,-235.));
#1797=CARTESIAN_POINT('',(-306.,544.257715861933,-22.5000000000002));
#1798=CARTESIAN_POINT('Origin',(-296.,545.182715861933,-22.5000000000002));
#1799=CARTESIAN_POINT('',(-296.,545.182715861933,-20.5000000000002));
#1800=CARTESIAN_POINT('Origin',(-295.031902058206,544.755431723869,-20.5000000000002));
#1801=CARTESIAN_POINT('',(-304.,544.257715861933,-20.5000000000002));
#1802=CARTESIAN_POINT('Origin',(-304.,544.257715861933,-22.5000000000002));
#1803=CARTESIAN_POINT('Origin',(-300.,546.099999999998,-180.));
#1804=CARTESIAN_POINT('',(-300.,546.099999999998,-177.));
#1805=CARTESIAN_POINT('Origin',(-300.,546.099999999998,-176.6));
#1806=CARTESIAN_POINT('',(-300.,546.099999999998,-183.));
#1807=CARTESIAN_POINT('Origin',(-300.,546.099999999998,-180.));
#1808=CARTESIAN_POINT('Origin',(-300.,546.099999999998,-180.));
#1809=CARTESIAN_POINT('Origin',(-300.,546.499999999997,-180.));
#1810=CARTESIAN_POINT('',(-300.,542.999999999997,-183.));
#1811=CARTESIAN_POINT('Origin',(-300.,542.999999999997,-180.));
#1812=CARTESIAN_POINT('',(-300.,546.499999999997,-183.));
#1813=CARTESIAN_POINT('Origin',(-300.,546.499999999997,-180.));
#1814=CARTESIAN_POINT('',(-300.,542.999999999997,-181.75));
#1815=CARTESIAN_POINT('',(-300.,546.499999999997,-181.75));
#1816=CARTESIAN_POINT('Origin',(-300.,542.999999999997,-180.));
#1817=CARTESIAN_POINT('Origin',(-298.25,542.999999999997,-180.));
#1818=CARTESIAN_POINT('Origin',(-300.,546.099999999998,-155.));
#1819=CARTESIAN_POINT('',(-300.,546.099999999998,-152.));
#1820=CARTESIAN_POINT('Origin',(-300.,546.099999999998,-151.6));
#1821=CARTESIAN_POINT('',(-300.,546.099999999998,-158.));
#1822=CARTESIAN_POINT('Origin',(-300.,546.099999999998,-155.));
#1823=CARTESIAN_POINT('Origin',(-300.,546.099999999998,-155.));
#1824=CARTESIAN_POINT('Origin',(-300.,546.499999999997,-155.));
#1825=CARTESIAN_POINT('',(-300.,542.999999999997,-158.));
#1826=CARTESIAN_POINT('Origin',(-300.,542.999999999997,-155.));
#1827=CARTESIAN_POINT('',(-300.,546.499999999997,-158.));
#1828=CARTESIAN_POINT('Origin',(-300.,546.499999999997,-155.));
#1829=CARTESIAN_POINT('',(-300.,542.999999999997,-156.75));
#1830=CARTESIAN_POINT('',(-300.,546.499999999997,-156.75));
#1831=CARTESIAN_POINT('Origin',(-300.,542.999999999997,-155.));
#1832=CARTESIAN_POINT('Origin',(-298.25,542.999999999997,-155.));
#1833=CARTESIAN_POINT('Origin',(-300.,546.099999999998,-130.));
#1834=CARTESIAN_POINT('',(-300.,546.099999999998,-127.));
#1835=CARTESIAN_POINT('Origin',(-300.,546.099999999998,-126.6));
#1836=CARTESIAN_POINT('',(-300.,546.099999999998,-133.));
#1837=CARTESIAN_POINT('Origin',(-300.,546.099999999998,-130.));
#1838=CARTESIAN_POINT('Origin',(-300.,546.099999999998,-130.));
#1839=CARTESIAN_POINT('Origin',(-300.,546.499999999997,-130.));
#1840=CARTESIAN_POINT('',(-300.,542.999999999997,-133.));
#1841=CARTESIAN_POINT('Origin',(-300.,542.999999999997,-130.));
#1842=CARTESIAN_POINT('',(-300.,546.499999999997,-133.));
#1843=CARTESIAN_POINT('Origin',(-300.,546.499999999997,-130.));
#1844=CARTESIAN_POINT('',(-300.,542.999999999997,-131.75));
#1845=CARTESIAN_POINT('',(-300.,546.499999999997,-131.75));
#1846=CARTESIAN_POINT('Origin',(-300.,542.999999999997,-130.));
#1847=CARTESIAN_POINT('Origin',(-298.25,542.999999999997,-130.));
#1848=CARTESIAN_POINT('Origin',(-300.,546.099999999998,-105.));
#1849=CARTESIAN_POINT('',(-300.,546.099999999998,-102.));
#1850=CARTESIAN_POINT('Origin',(-300.,546.099999999998,-101.6));
#1851=CARTESIAN_POINT('',(-300.,546.099999999998,-108.));
#1852=CARTESIAN_POINT('Origin',(-300.,546.099999999998,-105.));
#1853=CARTESIAN_POINT('Origin',(-300.,546.099999999998,-105.));
#1854=CARTESIAN_POINT('Origin',(-300.,546.499999999997,-105.));
#1855=CARTESIAN_POINT('',(-300.,542.999999999997,-108.));
#1856=CARTESIAN_POINT('Origin',(-300.,542.999999999997,-105.));
#1857=CARTESIAN_POINT('',(-300.,546.499999999997,-108.));
#1858=CARTESIAN_POINT('Origin',(-300.,546.499999999997,-105.));
#1859=CARTESIAN_POINT('',(-300.,542.999999999997,-106.75));
#1860=CARTESIAN_POINT('',(-300.,546.499999999997,-106.75));
#1861=CARTESIAN_POINT('Origin',(-300.,542.999999999997,-105.));
#1862=CARTESIAN_POINT('Origin',(-298.25,542.999999999997,-105.));
#1863=CARTESIAN_POINT('Origin',(-300.,546.099999999998,-80.0000000000004));
#1864=CARTESIAN_POINT('',(-300.,546.099999999998,-77.0000000000004));
#1865=CARTESIAN_POINT('Origin',(-300.,546.099999999998,-76.6000000000004));
#1866=CARTESIAN_POINT('',(-300.,546.099999999998,-83.0000000000004));
#1867=CARTESIAN_POINT('Origin',(-300.,546.099999999998,-80.0000000000004));
#1868=CARTESIAN_POINT('Origin',(-300.,546.099999999998,-80.0000000000004));
#1869=CARTESIAN_POINT('Origin',(-300.,546.499999999997,-80.0000000000004));
#1870=CARTESIAN_POINT('',(-300.,542.999999999997,-83.0000000000004));
#1871=CARTESIAN_POINT('Origin',(-300.,542.999999999997,-80.0000000000004));
#1872=CARTESIAN_POINT('',(-300.,546.499999999997,-83.0000000000004));
#1873=CARTESIAN_POINT('Origin',(-300.,546.499999999997,-80.0000000000004));
#1874=CARTESIAN_POINT('',(-300.,542.999999999997,-81.7500000000004));
#1875=CARTESIAN_POINT('',(-300.,546.499999999997,-81.7500000000004));
#1876=CARTESIAN_POINT('Origin',(-300.,542.999999999997,-80.0000000000004));
#1877=CARTESIAN_POINT('Origin',(-298.25,542.999999999997,-80.0000000000004));
#1878=CARTESIAN_POINT('Origin',(-300.,546.099999999998,-55.0000000000004));
#1879=CARTESIAN_POINT('',(-300.,546.099999999998,-52.0000000000004));
#1880=CARTESIAN_POINT('Origin',(-300.,546.099999999998,-51.6000000000004));
#1881=CARTESIAN_POINT('',(-300.,546.099999999998,-58.0000000000004));
#1882=CARTESIAN_POINT('Origin',(-300.,546.099999999998,-55.0000000000004));
#1883=CARTESIAN_POINT('Origin',(-300.,546.099999999998,-55.0000000000004));
#1884=CARTESIAN_POINT('Origin',(-300.,546.499999999997,-55.0000000000004));
#1885=CARTESIAN_POINT('',(-300.,542.999999999997,-58.0000000000004));
#1886=CARTESIAN_POINT('Origin',(-300.,542.999999999997,-55.0000000000004));
#1887=CARTESIAN_POINT('',(-300.,546.499999999997,-58.0000000000004));
#1888=CARTESIAN_POINT('Origin',(-300.,546.499999999997,-55.0000000000004));
#1889=CARTESIAN_POINT('',(-300.,542.999999999997,-56.7500000000004));
#1890=CARTESIAN_POINT('',(-300.,546.499999999997,-56.7500000000004));
#1891=CARTESIAN_POINT('Origin',(-300.,542.999999999997,-55.0000000000004));
#1892=CARTESIAN_POINT('Origin',(-298.25,542.999999999997,-55.0000000000004));
#1893=CARTESIAN_POINT('Origin',(-300.,546.099999999998,-30.0000000000004));
#1894=CARTESIAN_POINT('',(-300.,546.099999999998,-27.0000000000004));
#1895=CARTESIAN_POINT('Origin',(-300.,546.099999999998,-26.6000000000004));
#1896=CARTESIAN_POINT('',(-300.,546.099999999998,-33.0000000000004));
#1897=CARTESIAN_POINT('Origin',(-300.,546.099999999998,-30.0000000000004));
#1898=CARTESIAN_POINT('Origin',(-300.,546.099999999998,-30.0000000000004));
#1899=CARTESIAN_POINT('Origin',(-300.,546.499999999997,-30.0000000000004));
#1900=CARTESIAN_POINT('',(-300.,542.999999999997,-33.0000000000004));
#1901=CARTESIAN_POINT('Origin',(-300.,542.999999999997,-30.0000000000004));
#1902=CARTESIAN_POINT('',(-300.,546.499999999997,-33.0000000000004));
#1903=CARTESIAN_POINT('Origin',(-300.,546.499999999997,-30.0000000000004));
#1904=CARTESIAN_POINT('',(-300.,542.999999999997,-31.7500000000004));
#1905=CARTESIAN_POINT('',(-300.,546.499999999997,-31.7500000000004));
#1906=CARTESIAN_POINT('Origin',(-300.,542.999999999997,-30.0000000000004));
#1907=CARTESIAN_POINT('Origin',(-298.25,542.999999999997,-30.0000000000004));
#1908=UNCERTAINTY_MEASURE_WITH_UNIT(LENGTH_MEASURE(0.01),#1912,
'DISTANCE_ACCURACY_VALUE',
'Maximum model space distance between geometric entities at asserted c
onnectivities');
#1909=UNCERTAINTY_MEASURE_WITH_UNIT(LENGTH_MEASURE(0.01),#1912,
'DISTANCE_ACCURACY_VALUE',
'Maximum model space distance between geometric entities at asserted c
onnectivities');
#1910=(
GEOMETRIC_REPRESENTATION_CONTEXT(3)
GLOBAL_UNCERTAINTY_ASSIGNED_CONTEXT((#1908))
GLOBAL_UNIT_ASSIGNED_CONTEXT((#1912,#1914,#1915))
REPRESENTATION_CONTEXT('','3D')
);
#1911=(
GEOMETRIC_REPRESENTATION_CONTEXT(3)
GLOBAL_UNCERTAINTY_ASSIGNED_CONTEXT((#1909))
GLOBAL_UNIT_ASSIGNED_CONTEXT((#1912,#1914,#1915))
REPRESENTATION_CONTEXT('','3D')
);
#1912=(
LENGTH_UNIT()
NAMED_UNIT(*)
SI_UNIT(.MILLI.,.METRE.)
);
#1913=(
LENGTH_UNIT()
NAMED_UNIT(*)
SI_UNIT($,.METRE.)
);
#1914=(
NAMED_UNIT(*)
PLANE_ANGLE_UNIT()
SI_UNIT($,.RADIAN.)
);
#1915=(
NAMED_UNIT(*)
SI_UNIT($,.STERADIAN.)
SOLID_ANGLE_UNIT()
);
#1916=SHAPE_DEFINITION_REPRESENTATION(#1917,#1918);
#1917=PRODUCT_DEFINITION_SHAPE('',$,#1920);
#1918=SHAPE_REPRESENTATION('',(#974),#1910);
#1919=PRODUCT_DEFINITION_CONTEXT('part definition',#1924,'design');
#1920=PRODUCT_DEFINITION('MGNR9R211C \X\BB\X\AC\X\B9\X\EC-Z linear gui
de -z','Linear_rail',#1921,#1919);
#1921=PRODUCT_DEFINITION_FORMATION('',$,#1926);
#1922=PRODUCT_RELATED_PRODUCT_CATEGORY('Linear_rail','Linear_rail',(#1926));
#1923=APPLICATION_PROTOCOL_DEFINITION('international standard',
'automotive_design',2009,#1924);
#1924=APPLICATION_CONTEXT(
'Core Data for Automotive Mechanical Design Process');
#1925=PRODUCT_CONTEXT('part definition',#1924,'mechanical');
#1926=PRODUCT('MGNR9R211C \X\BB\X\AC\X\B9\X\EC-Z linear guide -z',
'Linear_rail',$,(#1925));
#1927=PRESENTATION_STYLE_ASSIGNMENT((#1929));
#1928=PRESENTATION_STYLE_ASSIGNMENT((#1930));
#1929=SURFACE_STYLE_USAGE(.BOTH.,#1931);
#1930=SURFACE_STYLE_USAGE(.BOTH.,#1932);
#1931=SURFACE_SIDE_STYLE('',(#1933));
#1932=SURFACE_SIDE_STYLE('',(#1934));
#1933=SURFACE_STYLE_FILL_AREA(#1935);
#1934=SURFACE_STYLE_FILL_AREA(#1936);
#1935=FILL_AREA_STYLE('Steel - Satin',(#1937));
#1936=FILL_AREA_STYLE('ABS (White)',(#1938));
#1937=FILL_AREA_STYLE_COLOUR('Steel - Satin',#1939);
#1938=FILL_AREA_STYLE_COLOUR('ABS (White)',#1940);
#1939=COLOUR_RGB('Steel - Satin',0.627450980392157,0.627450980392157,0.627450980392157);
#1940=COLOUR_RGB('ABS (White)',0.964705882352941,0.964705882352941,0.952941176470588);
ENDSEC;
END-ISO-10303-21;
